Area,ID_Actividad,Actividad,Frecuencia,Meta_Anual
TRÁNSITO Y VIALIDAD - PARQUÍMETROS,TST010,CAMPAÑA DE DIFUSIÓN DEL PROGRAMA DE PARQUÍMETROS (SOBRE EL USO Y PAGO DE LA ZONA DE ESTACIONOMETROS),,1
TRÁNSITO Y VIALIDAD - PARQUÍMETROS,TST011,"REALIZAR ACCIONES DE MANTENIMIENTO PREVENTIVO DE SEÑALIZACIÓN VIAL PARA EL ESTACIONAMIENTO DE VEHÍCULOS EN LA VÍA PÚBLICA EN LA ZONA DE ESTACIÓNOMETROS, DE CONFORMIDAD CON LA NORMATIVA APLICABLE",,12
TRÁNSITO Y VIALIDAD - PARQUÍMETROS,TST012,"BALIZAMIENTO DE LA ASIGNACIÓN DE ESPACIOS, QUE COMPRENDE LA ZONA DE ESTACIÓNOMETROS",,1
TRÁNSITO Y VIALIDAD - PARQUÍMETROS,TST013,REALIZAR BOLETAS DE INFRACCIÓN  POR FALTAS A LA NORMATIVA APLICABLE (REGLAMENTO DE PARQUIMETROS),,14400
TRÁNSITO Y VIALIDAD,TST004,REALIZAR BOLETAS DE INFRACCIÓN A LA CIUDADANÍA POR FALTAS A LA NORMATIVA,,43200
TRÁNSITO Y VIALIDAD,TST003,OPERATIVOS VIALES EN ATENCIÓN A SOLICITUDES CIUDADANAS Y EVENTOS OFICIALES,,120
TRÁNSITO Y VIALIDAD,TST002,ASESORÍAS Y ATENCIÓN DE QUEJAS SOBRE INFRACCIONES Y APLICACIÓN DEL REGLAMENTO DE TRÁNSITO,,960
TRÁNSITO Y VIALIDAD,TST001,REPORTES DE ATENCIÓN DE ACCIDENTES VEHICULARES CON LA FINALIDAD DE MEDIR LA ATENCIÓN DE ESTOS Y DETERMINAR SU DISMINUCIÓN,,12
UNIDAD DE TRANSPARENCIA,TSP013,"ATENDER LAS SOLICITUDES DE DERECHO AL ACCESO, RECTIFICACIÓN, CANCELACIÓN, OPOSICIÓN Y PORTABILIDAD (ARCOP)",,6
UNIDAD DE TRANSPARENCIA,TSP012,VERIFICAR LA PUBLICACIÓN DE OBLIGACIONES EN LA PNT Y EN EL PORTAL INSTITUCIONAL,,4
UNIDAD DE TRANSPARENCIA,TSP011,LLEVAR A CABO LA SUPERVISIÓN DE MEDIDAS DE SEGURIDAD PARA LA PROTECCIÓN DE DATOS PERSONALES,,1
UNIDAD DE TRANSPARENCIA,TSP010,ELABORAR Y ACTUALIZAR LOS SISTEMAS DE DATOS PERSONALES,,3
UNIDAD DE TRANSPARENCIA,TSP009,IMPULSAR LA ACTUALIZACIÓN CON LAS DIFERENTES DEPENDENCIAS Y ENTIDADES  DE LOS AVISOS DE PRIVACIDAD,,3
UNIDAD DE TRANSPARENCIA,TSP008,ELABORAR Y REPORTAR EL INFORME ANUAL DE TUTELA DE DATOS PERSONALES,,1
UNIDAD DE TRANSPARENCIA,TSP007,ELABORAR Y REPORTAR EL INFORME SEMESTRAL DE RUBROS TEMÁTICOS,,2
UNIDAD DE TRANSPARENCIA,TSP006,ELABORAR Y REPORTAR EL INFORME SEMESTRAL DE SOLICITUDES DE INFORMACIÓN,,2
UNIDAD DE TRANSPARENCIA,TSP005,ELABORAR Y REPORTAR EL INFORME MENSUAL DE SOLICITUDES DE INFORMACIÓN ,,12
UNIDAD DE TRANSPARENCIA,TSP004,DAR RESPUESTA A LAS SOLICITUDES DE INFORMACIÓN EN CUMPLIMIENTO A LA NORMATIVA EN LA MATERIA,,300
UNIDAD DE TRANSPARENCIA,TSP003,ASESORÍAS A LAS ÁREAS ADMINISTRATIVAS DEL AYUNTAMIENTO,,10
UNIDAD DE TRANSPARENCIA,TSP002,IMPARTIR Y GESTIONAR CURSOS EN MATERIA DE TRANSPARENCIA Y PROTECCIÓN DE DATOS PERSONALES,,1
UNIDAD DE TRANSPARENCIA,TSP001,CAPACITAR AL PERSONAL DE LA UNIDAD DE TRANSPARENCIA,,40
TESORERÍA MUNICIPAL,TES021,Simplificación de los trámites inscritos en el Programa de Mejora regulatoria,Anual,2
TESORERÍA MUNICIPAL,TES020,EVALUACIÓN DEL ÍNDICE DE TRANSPARENCIA Y DISPONIBILIDAD DE LA INFORMACIÓN FISCAL,Anual,1
TESORERÍA MUNICIPAL,TES019,EVALUACIÓN DE CALIFICACIÓN CREDITICIA,Anual,1
TESORERÍA MUNICIPAL,TES018,REALIZAR EL PAGO DE FIANZAS DE LOS SERVIDORES PÚBLICOS QUE TENGAN A SU CARGO LA ADMINISTRACIÓN Y MANEJO DE FONDOS MUNICIPALES,Anual,1
TESORERÍA MUNICIPAL,TES017,PRESENTAR ANTE H. CONGRESO DEL ESTADO LOS PADRONES DE TODOS LOS INGRESOS SUJETOS A PAGOS PERIÓDICOS,Anual,1
TESORERÍA MUNICIPAL,TES016,REMITIR ESTADOS FINANCIEROS MENSUALES ANTE EL H. CONGRESO,Mensual,12
TESORERÍA MUNICIPAL,TES015,PRESENTAR ESTADOS FINANCIEROS MENSUALES ANTE EL H. CABILDO,Mensual,12
TESORERÍA MUNICIPAL,TES014,PRESENTACIÓN ANTE EL H. CONGRESO DEL ESTADO DE LOS INFORMES DE DEUDA MENSUALES Y TRIMESTRALES,Mensual,12
TESORERÍA MUNICIPAL,TES013,PRESENTACIÓN ANTE EL H. CONGRESO DEL ESTADO DE LA CUENTA PÚBLICA,Anual,1
TESORERÍA MUNICIPAL,TES012,DAR SEGUIMIENTO AL EJERCICIO DEL GASTO; Y EN SU CASO ELABORAR Y PRESENTAR ANTE CABILDO Y EL H. CONGRESO LAS MODIFICACIONES PRESUPUESTALES CORRESPONDIENTES,Mensual,4
TESORERÍA MUNICIPAL,TES011,COADYUVAR CON LA OPORTUNA PRESENTACIÓN DEL PROGRAMA GENERAL DE INVERSIÓN,Anual,1
TESORERÍA MUNICIPAL,TES010,AUTORIZACIONES PRESUPUESTALES PARA LA CONTRATACIÓN DE BIENES Y SERVICIOS,Mensual,11
TESORERÍA MUNICIPAL,TES009,GENERAR Y DIFUNDIR LOS LINEAMIENTOS CIERRE CONTABLE-PRESUPUESTAL Y EMISIÓN CUENTA PÚBLICA,Anual,1
TESORERÍA MUNICIPAL,TES008,"GENERAR Y DIFUNDIR LOS LINEAMIENTOS PARA EL EJERCICIO DEL GASTO, ASÍ COMO LOS FORMATOS APLICABLES PARA TAL EFECTO",Anual,1
TESORERÍA MUNICIPAL,TES007,ASIGNACIÓN Y APERTURA DE FONDOS FIJOS,Semestral,1
TESORERÍA MUNICIPAL,TES006,ELABORAR Y PRESENTAR EL PROYECTO DE LA LEY DE INGRESOS Y PRESUPUESTOS DE EGRESOS DEL EJERCICIO SIGUIENTE,Anual,1
TESORERÍA MUNICIPAL,TES005,ELABORACIÓN Y PRESENTACIÓN DE LA PRIMERA MODIFICACIÓN PRESUPUESTAL Y AJUSTAR EL PRESUPUESTO DE EGRESOS AL DISPONIBLE AUTORIZADO EN LA LEY DE INGRESOS POR EL H. CONGRESO,Anual,1
TESORERÍA MUNICIPAL,TES004,HACER EFECTIVO EL COBRO DE LOS CRÉDITOS FISCALES A TRAVÉS DE LA NOTIFICACIÓN DEL PROCEDIMIENTO ADMINISTRATIVO DE EJECUCIÓN,Mensual,15500
TESORERÍA MUNICIPAL,TES003,"REALIZAR LA AUTORIZACIÓN PARA APLICAR LOS DESCUENTOS PERMITIDOS, POR LA NORMATIVIDAD APLICABLE, A LOS ADEUDOS DE CONTRIBUCIONES",Mensual,4300
TESORERÍA MUNICIPAL,TES002,DAR SEGUIMIENTO A LOS INGRESOS MUNICIPALES PERCIBIDOS POR LAS ÁREAS RECAUDADORAS PARA ESTABLECER Y DEFINIR PROCEDIMIENTOS ADMINISTRATIVOS QUE COADYUVEN AL INCREMENTO DE LOS MISMOS,Mensual,11
TESORERÍA MUNICIPAL,TES001,SOMETER A APROBACIÓN DE CABILDO LA AMPLIACIÓN DEL PLAZO A MARZO DE PAGO ANUAL ANTICIPADO DEL PREDIAL,Anual,1
"SISTEMA DE PROTECCIÓN INTEGRAL DE NIÑAS, NIÑOS Y ADOLESCENTES (SIPINNA).",SPN014,"ELABORAR, COMPARTIR Y DIFUNDIR MATERIAL INFORMATIVO SOBRE EL RESPETO A LOS DERECHOS Y TEMAS PRIORITARIOS DE LA NIÑEZ Y ADOLESCENCIA EN MEDIOS TRADICIONALES, MEDIOS DIGITALES Y MATERIAL IMPRESO",,1
"SISTEMA DE PROTECCIÓN INTEGRAL DE NIÑAS, NIÑOS Y ADOLESCENTES (SIPINNA).",SPN013,ESTABLECER RED DE COMUNICACIÓN Y DIFUSIÓN DE LA SECRETARÍA EJECUTIVA DEL SIPINNA MUNICIPAL DE VERACRUZ,,1
"SISTEMA DE PROTECCIÓN INTEGRAL DE NIÑAS, NIÑOS Y ADOLESCENTES (SIPINNA).",SPN012,"ACCIONES PARA LA PROTECCIÓN INTEGRAL EN POSIBLES VULNERACIONES DE LOS DERECHOS DE NIÑAS, NIÑOS Y ADOLESCENTES",,72
"SISTEMA DE PROTECCIÓN INTEGRAL DE NIÑAS, NIÑOS Y ADOLESCENTES (SIPINNA).",SPN011,CAPACITACIONES DE PREVENCIÓN DEL EMBARAZO NO PLANIFICADO EN ADOLESCENTES,,9
"SISTEMA DE PROTECCIÓN INTEGRAL DE NIÑAS, NIÑOS Y ADOLESCENTES (SIPINNA).",SPN010,"ACCIONES PARA LA PREVENCIÓN CONTRA TODO TIPO DE ADICCIONES EN NIÑAS, NIÑOS Y ADOLESCENTES",,9
"SISTEMA DE PROTECCIÓN INTEGRAL DE NIÑAS, NIÑOS Y ADOLESCENTES (SIPINNA).",SPN009,"CAPACITACIONES PARA MADRES, PADRES Y PERSONAS CUIDADORES SOBRE LA CRIANZA POSITIVA, LIBRE DE VIOLENCIA",,9
"SISTEMA DE PROTECCIÓN INTEGRAL DE NIÑAS, NIÑOS Y ADOLESCENTES (SIPINNA).",SPN008,"ACCIONES PARA PONER FIN A TODA FORMA DE VIOLENCIA CONTRA NIÑAS, NIÑOS Y ADOLESCENTES",,9
"SISTEMA DE PROTECCIÓN INTEGRAL DE NIÑAS, NIÑOS Y ADOLESCENTES (SIPINNA).",SPN007,"REUNIONES PERMANENTES DE LA MESA DE TRABAJO INTERINSTITUCIONAL PARA LA RESTITUCIÓN DE DERECHOS ORDENADOS POR LA PROCURADURÍA MUNICIPAL DE PROTECCIÓN DE NIÑAS, NIÑOS Y ADOLESCENTES",,10
"SISTEMA DE PROTECCIÓN INTEGRAL DE NIÑAS, NIÑOS Y ADOLESCENTES (SIPINNA).",SPN006,"INTEGRAR A LOS SECTORES PÚBLICOS, SOCIAL Y PRIVADO EN UN CONSEJO CONSULTATIVO",,
"SISTEMA DE PROTECCIÓN INTEGRAL DE NIÑAS, NIÑOS Y ADOLESCENTES (SIPINNA).",SPN005,"INTEGRAR A NIÑAS, NIÑOS Y ADOLESCENTES COMO INVITADOS A SESIONES DEL SISTEMA",,1
"SISTEMA DE PROTECCIÓN INTEGRAL DE NIÑAS, NIÑOS Y ADOLESCENTES (SIPINNA).",SPN004,"IMPLEMENTAR MECANISMOS DE CONSULTA EN NIÑAS, NIÑOS Y ADOLESCENTES",,
"SISTEMA DE PROTECCIÓN INTEGRAL DE NIÑAS, NIÑOS Y ADOLESCENTES (SIPINNA).",SPN003,"GENERAR LOS MECANISMOS NECESARIOS PARA GARANTIZAR LA PARTICIPACIÓN DIRECTA Y EFECTIVA DE NIÑAS, NIÑOS Y ADOLESCENTES",,1
"SISTEMA DE PROTECCIÓN INTEGRAL DE NIÑAS, NIÑOS Y ADOLESCENTES (SIPINNA).",SPN002,"DIFUSIÓN Y CAPACITACIÓN DEL MARCO JURÍDICO ESTATAL, NACIONAL E INTERNACIONAL DE LOS DERECHOS HUMANOS DE NIÑAS, NIÑOS Y ADOLESCENTES EN LOS DIFERENTES SECTORES DE LA POBLACIÓN (PADRES, MADRES, PERSONAS CUIDADORAS, DOCENTES, PERSONAL ADMINISTRATIVO ESCOLAR, SERVIDORES PÚBLICOS Y PRIVADOS, NIÑAS, NIÑOS Y ADOLESCENTES)",,5750
"SISTEMA DE PROTECCIÓN INTEGRAL DE NIÑAS, NIÑOS Y ADOLESCENTES (SIPINNA).",SPN001,"ELABORACIÓN Y APROBACIÓN DEL PROGRAMA MUNICIPAL DE PROTECCIÓN DE NIÑAS, NIÑOS Y ADOLESCENTES",,1
SERVICIOS GENERALES,SGR022,REALIZAR LAS VERIFICACIONES A LOS VEHÍCULOS OFICIALES,,204
SERVICIOS GENERALES,SGR021,REALIZAR EL PAGO DE SEGUROS DEL PARQUE VEHICULAR,,181
SERVICIOS GENERALES,SGR020,EFECTUAR EL PAGO DE TENENCIAS Y DERECHOS VEHICULARES,,208
SERVICIOS GENERALES,SGR019,REALIZAR SERVICIOS DE REHABILITACIÓN DE VEHÍCULOS OFICIALES,,6
SERVICIOS GENERALES,SGR018,REALIZAR SERVICIOS DE MÉCANICA EN GENERAL DE VEHÍCULOS OFICIALES,,1627
SERVICIOS GENERALES,SGR017,CUBRIR EVENTOS CON APOYOS LOGÍSTICOS PARA LAS FESTIVIDADES DE CARNAVAL,,4
SERVICIOS GENERALES,SGR016,CUBRIR EVENTOS CON APOYOS LOGÍSTICOS DE LA SECRETARÍA DEL AYUNTAMIENTO,,3
SERVICIOS GENERALES,SGR015,CUBRIR EVENTOS CON APOYOS LOGÍSTICOS DE LAS DISTINTAS DIRECCIONES,,221
SERVICIOS GENERALES,SGR014,CUBRIR EVENTOS CON APOYOS LOGÍSTICOS DE LAS REGIDURÍAS,,10
SERVICIOS GENERALES,SGR013,CUBRIR EVENTOS CON APOYOS LOGÍSTICOS DEL DIF MUNICIPAL,,13
SERVICIOS GENERALES,SGR012,CUBRIR EVENTOS CON APOYOS LOGÍSTICOS DE PRESIDENCIA ,,40
SERVICIOS GENERALES,SGR011,CUBRIR EVENTOS DE LA ALCALDESA,,40
SERVICIOS GENERALES,SGR010,REALIZAR SERVICIOS DE LIMPIEZA,,12
SERVICIOS GENERALES,SGR009,REALIZAR SERVICIOS DE TABLA ROCA,,12
SERVICIOS GENERALES,SGR008,REALIZAR SERVICIOS DE ALBAÑILERÍA ,,55
SERVICIOS GENERALES,SGR007,REALIZAR SERVICIOS DE MANTENIMIENTOS INTEGRALES DE HERRERÍA,,55
SERVICIOS GENERALES,SGR006,REALIZAR SERVICIOS VARIOS DE OFICINAS,,141
SERVICIOS GENERALES,SGR005,REALIZAR SERVICIOS DE MANTENIMIENTO DE ILUMINACIÓN,,305
SERVICIOS GENERALES,SGR004,REALIZAR SERVICIOS DE MANTEMIENTO DE FONTANERÍA,,175
SERVICIOS GENERALES,SGR003,REALIZAR SERVICIOS DE MANTEMIENTO DE SISTEMAS DE AIRE ACONDICIONADO,,470
SERVICIOS GENERALES,SGR002,REALIZAR SERVICIOS DE PINTURA ,,120
SERVICIOS GENERALES,SGR001,REALIZAR SERVICIOS DE CARPINTERÍA,,71
REGISTRO CIVIL,RCC011,APOYAR A LA CIUDADANÍA EN EL TRÁMITE DE LA CLAVE ÚNICA DEL REGISTRO DE POBLACIÓN (CURP),,6500
REGISTRO CIVIL,RCC010,"IMPLEMENTAR EL PROGRAMA DE ASENTAMIENTO UNIVERSAL, OPORTUNO Y GRATUITO",,5520
REGISTRO CIVIL,RCC009,OTORGAR ACTAS FORÁNEAS DE MUNICIPIOS Y OTROS ESTADOS,,1500
REGISTRO CIVIL,RCC008,OTORGAR ASENTAMIENTOS EXTEMPORÁNEOS,,50
REGISTRO CIVIL,RCC007,ASENTAMIENTOS DE RECIÉN NACIDOS EN HOSPITALES,,170
REGISTRO CIVIL,RCC006,LLEVAR A CABO EL EVENTO DE BODAS COLECTIVAS ,,1000
REGISTRO CIVIL,RCC005,ELABORAR LIBROS DE ACTAS,,115
REGISTRO CIVIL,RCC004,REALIZAR LA RESTAURACIÓN DE ACTAS ,,1150
REGISTRO CIVIL,RCC003,OTORGAR SERVICIOS DEL ÁREA DE DEFUNCIÓN,,790
REGISTRO CIVIL,RCC002,LLEVAR A CABO LA EXPEDICIÓN DE COPIAS CERTIFICADAS DE ACTAS,,12000
REGISTRO CIVIL,RCC001,LLEVAR A CABO EL LEVANTAMIENTO DE ACTAS A LA CIUDADANÍA,,14000
PANTEONES,PTN026,CAMPAÑAS DE FUMIGACIÓN,,5
PANTEONES,PTN025,VISITA A LOS PANTEONES DEL MUNICIPIO DE VERACRUZ ,,
PANTEONES,PTN024,REFORESTACIÓN EN ÁREA DE ESTACIONAMIENTO,,
PANTEONES,PTN023,OPERATIVO DÍA DE MUERTOS 1 Y 2,,
PANTEONES,PTN022,CAMBIO DE BOMBA DE AGUA,,
PANTEONES,PTN021,LIMPIEZA DE CUARTEL POR CUARTEL,,
PANTEONES,PTN020,PROYECTO PROPUESTA NUEVO PANTEÓN,,
PANTEONES,PTN019,REHABILITACIÓN Y/O RECONSTRUCCIÓN DE COLUMBARIOS DEL LADO OESTE,,
PANTEONES,PTN018,CONSTRUCCIÓN DE NICHOS,,
PANTEONES,PTN017,RECOLECCIÓN DE BASURA,,
PANTEONES,PTN016,FUMIGACIÓN,,
PANTEONES,PTN015,REGADO DE ÁREAS VERDES,,
PANTEONES,PTN014,ALUMBRADO PUBLICO ,,
PANTEONES,PTN013,MANTENIMIENTO DEL PANTEON MUNICIPAL,,1
PANTEONES,PTN012,LIMPIEZA TUMBA POR TUMBA,,
PANTEONES,PTN011,PINTURA DE GUARNICIONES,,
PANTEONES,PTN010,ENCALADO DE TRONCOS,,
PANTEONES,PTN009,PINTURA DE BARDA,,
PANTEONES,PTN008,ELIMINACIÓN DE MALEZA,,
PANTEONES,PTN007,PODA DE ARBOLES,,
PANTEONES,PTN006,DIA DEL PADRE,,1
PANTEONES,PTN005,OPERATIVO DEL DIA DE LAS MADRES,,5
PANTEONES,PTN004,SERVICIO DEPÓSITO DE CENIZAS,,1
PANTEONES,PTN003,SERVICIO DEPÓSITO DE RESTOS ÁRIDOS,,1
PANTEONES,PTN002,SERVICIO EXHUMACIÓN,,1
PANTEONES,PTN001,SERVICIO INHUMACIÓN,,1
PROTECCIÓN CIVIL,PTC009,SERVICIOS DE ATENCIÓN A LA CIUDADANÍA,,1440
PROTECCIÓN CIVIL,PTC008,COADYUVAR EN LA INTEGRACIÓN DE BRIGADAS DE PROTECCIÓN CIVIL EN EL MUNICIPIO,,120
PROTECCIÓN CIVIL,PTC007,REALIZAR LA CAPACITACIÓN DE PERSONAL,,1
PROTECCIÓN CIVIL,PTC006,EMITIR LAS FACTIBILIDAD DE PROTECCIÓN CIVIL,,12
PROTECCIÓN CIVIL,PTC005,EMITIR OPINIONES TÉCNICAS DE RIESGO,,12
PROTECCIÓN CIVIL,PTC004,EMITIR ANUENCIAS DE PROTECCIÓN CIVIL A DIVERSOS GIROS COMERCIALES,,240
PROTECCIÓN CIVIL,PTC003,IMPARTIR PLÁTICAS DE CONCIENTIZACIÓN,,2
PROTECCIÓN CIVIL,PTC002,REALIZAR EJERCICIOS Y SIMULACROS PARA DESARROLLO DE ACTITUDES DE PREVENCIÓN,,1
PROTECCIÓN CIVIL,PTC001,SUPERVISAR QUE CADA INMUEBLE O ESTABLECIMIENTO DEL MUNICIPIO CUMPLA CON LA NORMATIVA DE PROTECCIÓN CIVIL (INSPECCIONES),,360
PROGRAMA DE GOBIERNO Y MEJORA REGULATORIA,PRG017,"IMPULSAR LA ADOPCIÓN DE MEJORES PRÁCTICAS GUBERNAMENTALES, CON LA FINALIDAD DE PONER FIN A LA POBREZA, PROTEGER EL PLANETA Y GARANTIZAR QUE TODAS LAS PERSONAS GOCEN DE PAZ Y PROSPERIDAD, TRABAJANDO DE MANERA COLABORATIVA Y PRAGMÁTICA, PARA ELEGIR LAS MEJORES OPCIONES CON EL FIN DE MEJORAR LA VIDA, DE MANERA SOSTENIBLE, PARA LAS GENERACIONES FUTURAS",,1
PROGRAMA DE GOBIERNO Y MEJORA REGULATORIA,PRG016,DAR SEGUIMIENTO A LAS ACCIONES Y PROPOSICIONES DEL COPLADEMUN,,4
PROGRAMA DE GOBIERNO Y MEJORA REGULATORIA,PRG015,ELABORAR EL INFORME ANUAL DE LABORES,,1
PROGRAMA DE GOBIERNO Y MEJORA REGULATORIA,PRG014,"EVALUAR Y RECONOCER LOS RESULTADOS DEL DESEMPEÑO DE LAS FUNCIONES CONSTITUCIONALES DEL MUNICIPIO, A TRAVÉS DE INDICADORES CUANTITATIVOS QUE MIDAN LA EFICIENCIA, EFICACIA Y CALIDAD DE LAS ACCIONES REALIZADAS",,1
PROGRAMA DE GOBIERNO Y MEJORA REGULATORIA,PRG013,ELABORAR DOCUMENTOS DE APOYO A LA MEJORA DE LA GESTIÓN,,1
PROGRAMA DE GOBIERNO Y MEJORA REGULATORIA,PRG012,"IMPULSAR LA VINCULACIÓN CON OTRAS INSTANCIAS DE LOS SECTORES PÚBLICO, PRIVADO Y SOCIAL EN EL PROCESO DE MEJORA DE LA GESTIÓN",,2
PROGRAMA DE GOBIERNO Y MEJORA REGULATORIA,PRG011,"REALIZAR UN DIAGNÓSTICO DEL ESTADO QUE GUARDA LA ADMINISTRACIÓN PÚBLICA MUNICIPAL A TRAVÉS DE UN AUTODIAGNÓSTICO QUE IDENTIFIQUE LAS ÁREAS DE OPORTUNIDAD EN MATERIA NORMATIVA, ADMINISTRATIVA PROGRAMÁTICA Y EN MATERIA DE VINCULACIÓN",,1
PROGRAMA DE GOBIERNO Y MEJORA REGULATORIA,PRG010,IMPULSAR LA MEJORA DE LA EFICIENCIA GUBERNAMENTAL Y DEL GASTO PÚBLICO EN LA ELABORACIÓN DE PRESUPUESTOS,,1
PROGRAMA DE GOBIERNO Y MEJORA REGULATORIA,PRG009,"IMPULSAR UN NUEVO MODELO GUBERNAMENTAL PARA LA GESTIÓN DE LAS ASIGNACIONES PRESUPUESTARIAS, ORIENTADO AL LOGRO DE RESULTADOS",,1
PROGRAMA DE GOBIERNO Y MEJORA REGULATORIA,PRG008,"GESTIONAR LA REALIZACIÓN DE UN SISTEMA DE EVALUACIÓN BASADO EN INDICADORES, QUE PERMITAN MEDIR Y EVALUAR LAS ACCIONES DEL PLAN MUNICIPAL DE DESARROLLO",,1
PROGRAMA DE GOBIERNO Y MEJORA REGULATORIA,PRG007,FORTALECER Y ATENDER LA GOBERNANZA REGULATORIA CON ANALISIS DE IMPACTO REGULATORIO (AIR),,
PROGRAMA DE GOBIERNO Y MEJORA REGULATORIA,PRG006,"PARTICIPAR EN LA REVISIÓN, DIAGNÓSTICO Y DISEÑO DEL MARCO REGULATORIO Y SUS TRÁMITES, DE FORMA QUE ESTE SEA PROPICIO PARA EL FUNCIONAMIENTO EFICIENTE DE LA SOCIEDAD (SINAGER)-agenda regulatoria",,1
PROGRAMA DE GOBIERNO Y MEJORA REGULATORIA,PRG005,"OTORGAR SEGURIDAD JURÍDICA, BRINDAR TRANSPARENCIA Y FACILITAR EL CUMPLIMIENTO REGULATORIO DE LAS PERSONAS ANTE EL GOBIERNO MUNICIPAL DE VERACRUZ (CNARTYS)",,1
PROGRAMA DE GOBIERNO Y MEJORA REGULATORIA,PRG004,REALIZAR SESIONES DEL CONSEJO MUNICIPAL DE MEJORA REGULATORIA,,
PROGRAMA DE GOBIERNO Y MEJORA REGULATORIA,PRG003,MANTENER VINCULACIÓN PERMANENTE ENTRE SOCIEDAD EMPRESARIOS Y GOBIERNO PARA EL MEJORAMIENTO DE LAS REGULACIONES Y LA SIMPLIFICACIÓN DE LOS TRÁMITES Y SERVICIOS,,5
PROGRAMA DE GOBIERNO Y MEJORA REGULATORIA,PRG002,"EMITIR DIRECTRICES, BASES, INSTRUMENTOS, LINEAMIENTOS, PARA FORTALECER EL FUNCIONAMIENTO DEL SISTEMA MUNICIPAL DE MEJORA REGULATORIA (PMR)",,2
PROGRAMA DE GOBIERNO Y MEJORA REGULATORIA,PRG001,"DESARROLLAR EN LOS SERVIDORES PÚBLICOS, LOS CONOCIMIENTOS Y LAS CAPACIDADES TÉCNICAS EN MATERIA DE MEJORA REGULATORIA (CAPACITACIONES)",,1
PROCURADURÍA DE LA DEFENSA DE LOS USUARIOS DEL AGUA  (PRODEAGUA),PRA004,"REALIZAR ACTIVIDADES DE VINCULACIÓN CON OTRAS DEPENDENCIAS GUBERNAMENTALES, ASOCIACIONES CIVILES O INSTITUCIONES ACADEMICAS PARA PROMOVER LA  EDUCACIÓN EN MATERIA DE DERECHOS HUMANOS PARA EL ACCESO AL AGUA, ASÍ COMO LAS OBLIGACIONES Y DERECHOS QUE LES ASISTEN A LOS USUARIOS DEL SERVICIO (ACTIVIDADES DE PROMOCIÓN Y EDUCACIÓN EN MATERIA DE DERECHOS HUMANOS PARA EL ACCESO AL AGUA) ",,6
PROCURADURÍA DE LA DEFENSA DE LOS USUARIOS DEL AGUA  (PRODEAGUA),PRA003,EMITIR DETERMINACIONES Y/O RECOMENDACIONES EN MATERIA DE CONFLICTOS DEL AGUA ENTRE LOS USUARIOS DEL SERVICIO Y LA CONSECIONARIA O PERMISIONARIA (NÚMERO DE DENUNCIAS CERRADAS),,420
PROCURADURÍA DE LA DEFENSA DE LOS USUARIOS DEL AGUA  (PRODEAGUA),PRA002,DEFENDER A LOS USUARIOS DEL SERVICIO DE AGUA QUE SOLICITEN LA INTERVENCIÓN DE LA PROCURADURÍA PARA LA RESOLUCIÓN DE CONFLICTOS RELACIONADOS CON EL VITAL LÍQUIDO (AUDIENCIAS Y/O REPRESENTACIÓN),,240
PROCURADURÍA DE LA DEFENSA DE LOS USUARIOS DEL AGUA  (PRODEAGUA),PRA001,OTORGAR ASESORÍAS EN MATERIA DE DERECHOS HUMANOS PARA EL ACCESO AL AGUA POTABLE Y SANEAMIENTO (LLAMADAS Y DENUNCIAS),,420
COMANDANCIA DE LA POLÍCIA MUNICIPAL,POL010,PARTICIPAR EN LAS SESIONES DEL CONSEJO DE SEGURIDAD PÚBLICA MUNICIPAL Y PARTICIPACIÓN CIUDADANA (CSPYPC),,6
COMANDANCIA DE LA POLÍCIA MUNICIPAL,POL009,GESTIONAR LA ADQUISIÓN DE MATERIAL Y EQUIPAMIENTO PARA LA POLICÍA MUNICIPAL,,1
COMANDANCIA DE LA POLÍCIA MUNICIPAL,POL008,"RECLUTAMIENTO Y SELECCIÓN DE ASPIRANTES A POLICÍA MUNICIPAL, EN COORDINACIÓN CON OTRAS INSTANCIAS, PARA SU CONTRATACIÓN",,1
COMANDANCIA DE LA POLÍCIA MUNICIPAL,POL007,GESTIONAR ANTE DIFERENTES INSTANCIAS PÚBLICAS Y PRIVADAS LA CAPACITACIÓN PARA LOS POLICÍAS MUNICIPALES,,1
COMANDANCIA DE LA POLÍCIA MUNICIPAL,POL006,SOLICITAR LA PROGRAMACIÓN DE EVALUACIONES DE CONTROL DE CONFIANZA PARA LOS POLICÍAS MUNICIPALES,,1
COMANDANCIA DE LA POLÍCIA MUNICIPAL,POL005,CREAR EL PROGRAMA DE PREVENCIÓN SOCIAL DE LA VIOLENCIA Y LA DELINCUENCIA EN EL ÁMBITO MUNICIPAL,,1
COMANDANCIA DE LA POLÍCIA MUNICIPAL,POL004,"CAPACITAR A LA CIUDADANÍA EN ACTIVIDADES ENCAMINADAS AL FORTALECIMIENTO DE VALORES Y NORMAS SOCIALES, ASÍ COMO TÉCNICAS DE COMPETENCIAS LABORALES, CON LA FINALIDAD DE ATENDER OPORTUNAMENTE PROBLEMAS DE CONDUCTAS DE TIPO ANTISOCIAL",,48
COMANDANCIA DE LA POLÍCIA MUNICIPAL,POL003,"REALIZAR ACTIVIDADES LÚDICAS, RECREATIVAS Y DEPORTIVAS PARA NIÑOS, NIÑAS, JÓVENES, ADOLESCENTES Y PADRES DE FAMILIA, LAS CUALES TIENEN COMO OBJETIVO PROMOVER UNA CULTURA DE PREVENCIÓN SOCIAL, PARA DETECTAR Y ATENDER OPORTUNAMENTE PROBLEMAS DE CONDUCTAS DE TIPO ANTISOCIAL",,96
COMANDANCIA DE LA POLÍCIA MUNICIPAL,POL002,"ATENDER DE MANERA OPORTUNA LOS REPORTES QUE SE RECIBEN DE MANERA FÍSICA Y ELECTRÓNICA, POR PARTE DE LAS INSTANCIAS GUBERNAMENTALES Y CIUDADANÍA EN GENERAL, A EFECTO DE BRINDAR SEGURIDAD",,96
COMANDANCIA DE LA POLÍCIA MUNICIPAL,POL001,PROMOVER EN COORDINACIÓN CON LA DIRECCIÓN DE VINCULACIÓN DE LA SSP LA PARTICIPACIÓN CIUDADANA PARA LA PREVENCIÓN Y COMBATE DE LOS DELITOS Y AL MISMO TIEMPO ATENDER LOS REPORTES CIUDADANOS RELATIVOS A FACTORES DE RIESGO EN SU ENTORNO HABITACIONAL,,1
TESORERÍA MUNICIPAL - PLANEACIÓN CATASTRAL,PLC003,EXPEDIR TRASLADOS DE DOMINIO DC-016,,3150
TESORERÍA MUNICIPAL - PLANEACIÓN CATASTRAL,PLC002,EXPEDIR CÉDULAS CATASTRALES,,1500
TESORERÍA MUNICIPAL - PLANEACIÓN CATASTRAL,PLC001,"LLEVAR EL REGISTRO DE CAMBIOS GENERALES (ACTUALIZACIONES DE DATOS: NOMBRES DEL PROPIETARIO, DOMICILIO, ETC.)",,840
PARTICIPACIÓN CIUDADANA,PAC006,REALIZAR VISITA INFORMATIVA  A LAS UNIDADES DEPORTIVAS Y PARQUES  DE VERACRUZ PARA INFORMAR ACERCA DE QUE ES UN COMITÉ CIUDADANO,,20
PARTICIPACIÓN CIUDADANA,PAC005,COLABORAR CON EL DIF MUNICIPAL Y LA DIRECCIÓN DE DESARROLLO SOCIAL Y HUMANO PARA EL DESARROLLO DE SUS ACTIVIDADES,,12
PARTICIPACIÓN CIUDADANA,PAC004,REALIZAR CAPACITACIONES DE LOS COMITÉS DE PARTICIPACIÓN CIUDADANA,,20
PARTICIPACIÓN CIUDADANA,PAC003,"COORDINAR EL ESTABLECIMIENTO DE LOS COMITÉS DE PARTICIPACIÓN CIUDADANA, LA CONTRALORÍA SOCIAL, LOS PATRONATOS VECINALES Y CONSEJEROS CIUDADANOS",,20
PARTICIPACIÓN CIUDADANA,PAC002,IMPULSAR LA PARTICIPACIÓN CIUDADANA Y EL DESARROLLO SOCIAL COMUNITARIO,,20
PARTICIPACIÓN CIUDADANA,PAC001,DAR SEGUIMIENTO Y ATENCIÓN A LAS PROPUESTAS DE CIUDADANAS EN MATERIA DE OBRA PÚBLICA Y SERVICIOS MUNICIPALES,,50
OBRAS PÚBLICAS Y DESARROLLO URBANO - TOPOGRAFÍA,OBP083,ELABORAR CONSTANCIAS DE NÚMERO OFICIAL CORRESPONDIENTES DE ACUERDO A LA AUTORIZACIÓN EMITIDA CON FUNDAMENTO EN EL REGLAMENTO PARA CONSTRUCCIONES PÚBLICAS Y PRIVADAS DEL MUNICIPIO LIBRE DE VERACRUZ.   ,,400
OBRAS PÚBLICAS Y DESARROLLO URBANO - TOPOGRAFÍA,OBP082,ELABORAR ALINEAMIENTOS Y NÚMEROS. OFICIALES CORRESPONDIENTES DE ACUERDO A LA AUTORIZACIÓN EMITIDA CON FUNDAMENTO EN EL REGLAMENTO PARA CONSTRUCCIONES PÚBLICAS Y PRIVADAS DEL MUNICIPIO LIBRE DE VERACRUZ.,,1200
OBRAS PÚBLICAS Y DESARROLLO URBANO - TOPOGRAFÍA,OBP081,ELABORAR LOS DESLINDES CORRESPONDIENTES DE ACUERDO A LA AUTORIZACIÓN EMITIDA CON FUNDAMENTO EN EL REGLAMENTO PARA CONSTRUCCIONES PÚBLICAS Y PRIVADAS DEL MUNICIPIO LIBRE DE VERACRUZ.,,450
OBRAS PÚBLICAS Y DESARROLLO URBANO - TOPOGRAFÍA,OBP080,REVISAR EXPEDIENTES PARA LA OBTENCIÓN DE DESLINDES CON FUNDAMENTO EN EL REGLAMENTO PARA CONSTRUCCIONES PÚBLICAS Y PRIVADAS DEL MUNICIPIO LIBRE DE VERACRUZ.,,600
OBRAS PÚBLICAS Y DESARROLLO URBANO - COORDINACION DE INSPECCIÓN URBANA,OBP079,LIMPIEZA DE IMAGEN URBANA EN LAS PRINCIPALES AVENIDAS,,50
OBRAS PÚBLICAS Y DESARROLLO URBANO - COORDINACION DE INSPECCIÓN URBANA,OBP078,QUEJAS,,
OBRAS PÚBLICAS Y DESARROLLO URBANO - COORDINACION DE INSPECCIÓN URBANA,OBP077,REQUERIMIENTOS ,,
OBRAS PÚBLICAS Y DESARROLLO URBANO - COORDINACIÓN DE CONTROL URBANO,OBP076,TÉRMINOS DE OBRA,,
OBRAS PÚBLICAS Y DESARROLLO URBANO - COORDINACIÓN DE CONTROL URBANO,OBP075,"LICENCIAS, OTRAS LICENCIAS, BARDAS, DEMOLICIONES, ALBERCAS, CISTERNAS, TANQUES, PATIOS DESCUBIERTOS, VÍA PÚBLICA, ANTENAS ",,
OBRAS PÚBLICAS Y DESARROLLO URBANO - COORDINACIÓN DE CONTROL URBANO,OBP074,REVISIONES,,
OBRAS PÚBLICAS Y DESARROLLO URBANO - SUBDIRECCIÓN DE OBRAS PÚBLICAS,OBP073,IMPLEMENTAR ACCIONES DE MANTENIMIENTO Y REHABILITACIÓN DEL ALUMBRADO MUNICIPAL DE CALLES Y ESPACIOS PÚBLICOS AL MENOR COSTO POSIBLE,,
OBRAS PÚBLICAS Y DESARROLLO URBANO - SUBDIRECCIÓN DE OBRAS PÚBLICAS,OBP072,"RECUPERAR, REPRODUCIR, REPOBLAR Y DAR MANTENIMIENTO A LOS PARQUES, ÁREAS VERDES Y ESPACIOS DE CONSERVACIÓN EN EL MUNICIPIO DE VERACRUZ",,
OBRAS PÚBLICAS Y DESARROLLO URBANO - SUBDIRECCIÓN DE OBRAS PÚBLICAS,OBP071,REALIZAR ACCIONES DE REHABILITACIÓN DE PLANTELES EDUCATIVOS EN EL MUNICIPIO,,
OBRAS PÚBLICAS Y DESARROLLO URBANO - SUBDIRECCIÓN DE OBRAS PÚBLICAS,OBP070,AMPLIAR Y DAR MANTENIMIENTO A LAS REDES DE SUMINISTRO DE DRENAJE PLUVIAL,,
OBRAS PÚBLICAS Y DESARROLLO URBANO - SUBDIRECCIÓN DE OBRAS PÚBLICAS,OBP069,AMPLIAR Y DAR MANTENIMIENTO A LAS REDES DE SUMINISTRO DE DRENAJE SANITARIO,,
OBRAS PÚBLICAS Y DESARROLLO URBANO - SUBDIRECCIÓN DE OBRAS PÚBLICAS,OBP068,AMPLIAR Y DAR MANTENIMIENTO A LAS REDES DE SUMINISTRO DE AGUA POTABLE,,
OBRAS PÚBLICAS Y DESARROLLO URBANO - SUBDIRECCIÓN DE OBRAS PÚBLICAS,OBP067,PAVIMENTAR CON CONCRETO HIDRÁULICO LAS PRINCIPALES VIALIDADES DEL MUNICIPIO,,
OBRAS PÚBLICAS Y DESARROLLO URBANO - SUBDIRECCIÓN DE OBRAS PÚBLICAS,OBP066,REUNIONES ORDINARIAS Y EXTRAORDINARIAS DE SEGUIMIENTO Y ANÁLISIS,,24
OBRAS PÚBLICAS Y DESARROLLO URBANO - SUBDIRECCIÓN DE OBRAS PÚBLICAS,OBP065,INTEGRACIÓN DEL SUBCOMITE,,
OBRAS PÚBLICAS Y DESARROLLO URBANO - SUBDIRECCIÓN DE OBRAS PÚBLICAS,OBP064,INTEGRACIÓN DE EXPEDIENTES,,32
OBRAS PÚBLICAS Y DESARROLLO URBANO - SUBDIRECCIÓN DE OBRAS PÚBLICAS,OBP063,SEGUIMIENTO Y SUPERVISIÓN,,12
OBRAS PÚBLICAS Y DESARROLLO URBANO - SUBDIRECCIÓN DE OBRAS PÚBLICAS,OBP062,CONTRATACIONES,,32
OBRAS PÚBLICAS Y DESARROLLO URBANO - SUBDIRECCIÓN DE OBRAS PÚBLICAS,OBP061,LICITACIONES,,5
OBRAS PÚBLICAS Y DESARROLLO URBANO - SUBDIRECCIÓN DE OBRAS PÚBLICAS,OBP060,ELABORACIÓN DE PRESUPUESTOS BASES COMPLETOS,,32
OBRAS PÚBLICAS Y DESARROLLO URBANO - SUBDIRECCIÓN DE OBRAS PÚBLICAS,OBP059,ELABORACIÓN DE PROYECTOS EJECUTIVO DE OBRA,,32
OBRAS PÚBLICAS Y DESARROLLO URBANO - SUBDIRECCIÓN DE OBRAS PÚBLICAS,OBP058,PRESENTACIÓN DE INFORMES TRIMESTRALES EN PLATAFORMA SIS-INFO (CONGRESO),,4
OBRAS PÚBLICAS Y DESARROLLO URBANO - SUBDIRECCIÓN DE OBRAS PÚBLICAS,OBP057,PRESENTACIÓN DE INFORMES TRIMESTRALES EN PLATAFORMA SIMVER (ORFIS),,3
OBRAS PÚBLICAS Y DESARROLLO URBANO - SUBDIRECCIÓN DE OBRAS PÚBLICAS,OBP056,PRESENTACIÓN DE INFORMES TRIMESTRALES EN PLATAFORMA SRFT (HACIENDA),,4
OBRAS PÚBLICAS Y DESARROLLO URBANO - SUBDIRECCIÓN DE OBRAS PÚBLICAS,OBP055,PRESENTACIÓN DE ESTADOS DE OBRAS EN LA PLATAFORMA SIS-INFO (CONGRESO),,12
OBRAS PÚBLICAS Y DESARROLLO URBANO - SUBDIRECCIÓN DE OBRAS PÚBLICAS,OBP054,PRESENTACIÓN DE ESTADOS DE OBRAS EN LA PLATAFORMA SIMVER (ORFIS),,12
OBRAS PÚBLICAS Y DESARROLLO URBANO - SUBDIRECCIÓN DE OBRAS PÚBLICAS,OBP053,ELABORACIÓN DEL CIERRE DEL PROGRAMA GENERAL DE INVERSIÓN (PGI),,1
OBRAS PÚBLICAS Y DESARROLLO URBANO - SUBDIRECCIÓN DE OBRAS PÚBLICAS,OBP052,PRESENTACIÓN DE PGI ANTE CONSEJO DE DESARROLLO MUNICIPAL PARA SU APROBACIÓN,,6
OBRAS PÚBLICAS Y DESARROLLO URBANO - SUBDIRECCIÓN DE OBRAS PÚBLICAS,OBP051,PRESENTACIÓN DE PGI ANTE CABILDO PARA SU APROBACIÓN,,6
OBRAS PÚBLICAS Y DESARROLLO URBANO - SUBDIRECCIÓN DE OBRAS PÚBLICAS,OBP050,PRESENTACIÓN DE PGI ANTE EL SUBCOMITÉ DE OBRAS PARA SU VALIDACIÓN,,6
OBRAS PÚBLICAS Y DESARROLLO URBANO - SUBDIRECCIÓN DE OBRAS PÚBLICAS,OBP049,ACTUALIZACIÓN DE PROGRAMA GENERAL DE INVERSIÓN (PGI),,5
OBRAS PÚBLICAS Y DESARROLLO URBANO - SUBDIRECCIÓN DE OBRAS PÚBLICAS,OBP048,ELABORACIÓN DE PROGRAMA GENERAL DE INVERSIÓN (PGI),,1
OBRAS PÚBLICAS Y DESARROLLO URBANO - TRÁMITES Y LICENCIAS,OBP047,ADMINISTRACIÓN DE TRÁMITES EN LINEA A TRÁVES DEL PORTAL MI VERACRUZ,,2
OBRAS PÚBLICAS Y DESARROLLO URBANO - TRÁMITES Y LICENCIAS,OBP046,IMPLEMENTACIÓN DEL PROGRAMA DE CAPACITACIÓN AL PERSONAL DE LA SUBDIRECCIÓN DE TRÁMITES Y LICENCIAS,,3
OBRAS PÚBLICAS Y DESARROLLO URBANO - TRÁMITES Y LICENCIAS,OBP045,IMPLEMENTACIÓN DEL EXPEDIENTE ÚNICO,,1
OBRAS PÚBLICAS Y DESARROLLO URBANO - TRÁMITES Y LICENCIAS,OBP044,PERCEPCIÓN CIUDADANA SOBRE LOS TRÁMITES Y SERVICIOS MUNICIPALES (ENCUESTA A CIUDADANOS),,350
OBRAS PÚBLICAS Y DESARROLLO URBANO - TRÁMITES Y LICENCIAS,OBP043,CONTROL Y REGISTRO DE TRÁMITES DE CENTRO HISTÓRICO,,15
OBRAS PÚBLICAS Y DESARROLLO URBANO - TRÁMITES Y LICENCIAS,OBP042,"CONTROL Y REGISTRO DE TRÁMITES DE GOBERNACIÓN, SOLICITUDES DE ANUENCIAS DE VECINOS",,115
OBRAS PÚBLICAS Y DESARROLLO URBANO - TRÁMITES Y LICENCIAS,OBP041,CONTROL Y REGISTRO DE TRÁMITES DE ORDENAMIENTO TERRITORIAL E IMAGEN URBANA,,775
OBRAS PÚBLICAS Y DESARROLLO URBANO - TRÁMITES Y LICENCIAS,OBP040,CONTROL Y REGISTRO DE TRÁMITES DE PROTECIÓN CIVIL,,745
OBRAS PÚBLICAS Y DESARROLLO URBANO - TRÁMITES Y LICENCIAS,OBP039,"CONTROL Y REGISTRO DE TRÁMITES DE COMERCIO, SOLICITUDES CÉDULA DE EMPADRONAMIENTO Y LICENCIA DE FUNCIONAMIENTO DEL GIRO C",,30
OBRAS PÚBLICAS Y DESARROLLO URBANO - TRÁMITES Y LICENCIAS,OBP038,CONTROL Y REGISTRO DE TRÁMITES DE MEDIO AMBIENTE,,620
OBRAS PÚBLICAS Y DESARROLLO URBANO - TRÁMITES Y LICENCIAS,OBP037,CONTROL Y REGISTRO DE TRÁMITES DE CONTROL URBANO Y TOPOGRAFÍA,,3750
OBRAS PÚBLICAS Y DESARROLLO URBANO - TRÁMITES Y LICENCIAS,OBP036,CONTROL Y REGISTRO DE TRÁMITES DE DESARROLLO ECONÓMICO CÉDULA DE EMPADRONAMIENTO GIRO B,,30
OBRAS PÚBLICAS Y DESARROLLO URBANO - TRÁMITES Y LICENCIAS,OBP035,CONTROL Y REGISTRO DE TRÁMITES DE DESARROLLO ECONÓMICO CÉDULA DE EMPADRONAMIENTO GIRO A,,72
OBRAS PÚBLICAS Y DESARROLLO URBANO - TRÁMITES Y LICENCIAS,OBP034,ASESORÍA A CIUDADANOS MEDIANTE VENTANILLA ÚNICA (ÁREA DE ORDENAMIENTO TERRITORIAL E IMAGEN URBANA),,3100
OBRAS PÚBLICAS Y DESARROLLO URBANO - TRÁMITES Y LICENCIAS,OBP033,ASESORÍA A CIUDADANOS MEDIANTE VENTANILLA ÚNICA (ÁREA DE PROTECCIÓN CIVIL),,2100
OBRAS PÚBLICAS Y DESARROLLO URBANO - TRÁMITES Y LICENCIAS,OBP032,ASESORÍA A CIUDADANOS MEDIANTE VENTANILLA ÚNICA (ÁREA DE MEDIO AMBIENTE),,1500
OBRAS PÚBLICAS Y DESARROLLO URBANO - TRÁMITES Y LICENCIAS,OBP031,"ASESORÍAS A CIUDADANOS MEDIANTE VENTANILLA ÚNICA (ÁREA DE DESARROLLO ECONÓMICO, COMERCIO Y GOBERNACIÓN)",,1300
OBRAS PÚBLICAS Y DESARROLLO URBANO - TRÁMITES Y LICENCIAS,OBP030,ASESORÍAS A CIUDADANOS MEDIANTE VENTANILLA ÚNICA (ÁREA DE DESARROLLO URBANO Y CENTRO HISTORICO),,8000
OBRAS PÚBLICAS Y DESARROLLO URBANO - TRÁMITES Y LICENCIAS,OBP029,ATENCIÓN DE CITAS PROGRAMADAS DE CIUDADANOS A TRAVÉS DEL PROGRAMA CERO FILAS,,3
OBRAS PÚBLICAS Y DESARROLLO URBANO - TRÁMITES Y LICENCIAS,OBP028,ACTUALIZACIÓN DEL REGISTRO MUNICIPAL DE TRÁMITES Y SERVICIOS (CATÁLOGO DE TRÁMITES Y SERVICIS),,3
OBRAS PÚBLICAS Y DESARROLLO URBANO - CENTRO HISTÓRICO,OBP027,"LLEVAR A CABO INSPECCIONES PARA DETENCIÓN DE OBRA EN PROCESO Y ANUNCIOS SIN AUTORIZACIÓN, EN PERÍMETRO DE CENTRO HISTÓRICO ",,12
OBRAS PÚBLICAS Y DESARROLLO URBANO - CENTRO HISTÓRICO,OBP026,OTORGAMIENTO DE LICENCIAS DE CONSTRUCCIÓN EN PERÍMETRO DEL CENTRO HISTÓRICO,,80
OBRAS PÚBLICAS Y DESARROLLO URBANO - CENTRO HISTÓRICO,OBP025,"ASESOR A LA CIUDADANÍA EN LA GESTIÓN DE TRÁMITES DE LICENCIAS Y PERMISOS EN MATERIA DE INTERVENCIÓN DE INMUEBLES, VÍA PÚBLICA O IMAGEN URBANA EN EL CENTRO HISTÓRICO",,12
OBRAS PÚBLICAS Y DESARROLLO URBANO - CENTRO HISTÓRICO,OBP024,"DAR REPORTE, SEGUIMIENTO Y VERIFICAR LOS TRABAJOS DE MANTEMIENTO URBANO E IMAGEN URBANA EN EL CENTRO HISTÓRICO DE LA CIUDAD",,24
OBRAS PÚBLICAS Y DESARROLLO URBANO - CENTRO HISTÓRICO,OBP023,PROGRAMA DE MEJORAMIENTO DE IMAGEN DEL CENTRO HISTÓRICO A INMUEBLES Y ESPACIOS PÚBLICOS,,1
OBRAS PÚBLICAS Y DESARROLLO URBANO - ORDENAMIENTO TERRITORIAL,OBP022,EXPEDICIÓN DE PERMISOS TEMPORALES PARA USO DE LA VÍA PÚBLICA (90 DÍAS NATURALES) Y DE LICENCIAS DE ANUNCIO Y/O MOBILIARIO URBANO (365 DÍAS NATURALES),,150
OBRAS PÚBLICAS Y DESARROLLO URBANO - ORDENAMIENTO TERRITORIAL,OBP021,"EXPEDICIÓN DE CONSTANCIAS DE ZONIFICACIÓN, LICENCIAS DE USO DE SUELO, REGULARIZACIONES, ACTUALIZACIONES Y LICENCIAS DE FUSIÓN/ SUBDIVISIÓN",,250
OBRAS PÚBLICAS Y DESARROLLO URBANO - INFRAESTRUCTURA,OBP020,LIMPIEZA Y DESASOLVE DE CANALES (ML),,
OBRAS PÚBLICAS Y DESARROLLO URBANO - FRACCIONAMIENTOS,OBP019,OTORGAR MUNICIPALIZACIÓN DE FRACCIONAMIENTOS,,1
OBRAS PÚBLICAS Y DESARROLLO URBANO - FRACCIONAMIENTOS,OBP018,EMITIR AUTORIZACIÓN DE PATIOS DESCUBIERTOS ,,1
OBRAS PÚBLICAS Y DESARROLLO URBANO - FRACCIONAMIENTOS,OBP017,EMITIR AUTORIZACIÓN DE BARDAS,,1
OBRAS PÚBLICAS Y DESARROLLO URBANO - FRACCIONAMIENTOS,OBP016,OTORGAR ENAJENACIÓN DE LOTES (TRASLADO DE DOMINIO),,1
OBRAS PÚBLICAS Y DESARROLLO URBANO - FRACCIONAMIENTOS,OBP015,EMITIR CANCELACIONES DE FIANZA DEL RÉGIMEN DE PROPIEDAD EN CONDOMINIO,,1
OBRAS PÚBLICAS Y DESARROLLO URBANO - FRACCIONAMIENTOS,OBP014,OTORGAR CONSTITUCIÓN DEL RÉGIMEN DE PROPIEDAD EN CONDOMINIO,,1
OBRAS PÚBLICAS Y DESARROLLO URBANO - FRACCIONAMIENTOS,OBP013,OTORGAR AUTORIZACIÓN DE RELOTIFICACIÓN,,1
OBRAS PÚBLICAS Y DESARROLLO URBANO - FRACCIONAMIENTOS,OBP012,OTORGAR AUTORIZACIÓN DE LOTIFICACIÓN,,1
OBRAS PÚBLICAS Y DESARROLLO URBANO - FRACCIONAMIENTOS,OBP011,EMITIR CONSTANCIAS DE TÉRMINO DE OBRA,,1
OBRAS PÚBLICAS Y DESARROLLO URBANO - FRACCIONAMIENTOS,OBP010,REGISTRAR NÚMEROS OFICIALES OTORGADOS,,1
OBRAS PÚBLICAS Y DESARROLLO URBANO - FRACCIONAMIENTOS,OBP009,OTORGAR CONSTANCIAS DE ALINEAMIENTO OFICIAL,,1
OBRAS PÚBLICAS Y DESARROLLO URBANO - FRACCIONAMIENTOS,OBP008,OTORGAR LICENCIAS DE CONSTRUCCIÓN DE ALBERCAS,,1
OBRAS PÚBLICAS Y DESARROLLO URBANO - FRACCIONAMIENTOS,OBP007,OTORGAR LICENCIAS DE CAMBIO DE PROYECTO DE CONSTRUCCIÓN DE VIVIENDA,,1
OBRAS PÚBLICAS Y DESARROLLO URBANO - FRACCIONAMIENTOS,OBP006,EVALUAR LOS REGISTROS DE PLANOS EMITIDOS,,1
OBRAS PÚBLICAS Y DESARROLLO URBANO - FRACCIONAMIENTOS,OBP005,OTORGAR CONSTANCIAS DE DESLINDE MUNICIPAL EMITIDOS,,1
OBRAS PÚBLICAS Y DESARROLLO URBANO - FRACCIONAMIENTOS,OBP004,OTORGAR LICENCIAS DE AMPLIACIÓN DE PROYECTO DE CONSTRUCCIÓN DE VIVIENDA,,1
OBRAS PÚBLICAS Y DESARROLLO URBANO - FRACCIONAMIENTOS,OBP003,OTORGAR LICENCIAS DE REGULARIZACIÓN DE PROYECTO DE CONSTRUCCIÓN DE VIVIENDA,,1
OBRAS PÚBLICAS Y DESARROLLO URBANO - FRACCIONAMIENTOS,OBP002,OTORGAR LICENCIAS DE REVALIDACIÓN DE PROYECTO DE CONSTRUCCIÓN DE VIVIENDA,,1
OBRAS PÚBLICAS Y DESARROLLO URBANO - FRACCIONAMIENTOS,OBP001,OTORGAR LICENCIAS DE CONSTRUCCIÓN DE VIVIENDA DE OBRA NUEVA,,1
MANTENIMIENTO VIAL.,MTV007,MEJORAR LA INFRAESTRUCTURA DE LA PAVIMENTACIÓN EN EL MUNICIPIO DE VERACRUZ,,130910
MANTENIMIENTO VIAL.,MTV006,REALIZAR TRABAJOS COMPLEMENTARIOS DE MANTENIMIENTOS MENORES EN PUENTES VIALES,,10
MANTENIMIENTO VIAL.,MTV005,REALIZAR LA CONSTRUCCIÓN Y REHABILITACIÓN DE RAMPAS INCLUSIVAS,,1000
MANTENIMIENTO VIAL.,MTV004,REALIZAR LA REPARACIÓN MENOR DE BANQUETAS Y GUARNICIONES,,2200
MANTENIMIENTO VIAL.,MTV003,"REALIZAR LA REPARACIÓN Y FABRICACIÓN DE REJILLAS, MARCOS Y CONTRAMARCOS",,500
MANTENIMIENTO VIAL.,MTV002,"REPARACIÓN Y CONSTRUCCIÓN DE TAPAS DE REGISTRO DE CONCRETO, MIENTRAS ESTAS NO PERTENEZCAN A TERCEROS (CFE, TELMEX, MAS)",,400
MANTENIMIENTO VIAL.,MTV001,ENCARGARSE DEL PINTADO DE GUARNICIONES Y CAMELLONES,,300000
TRÁNSITO Y VIALIDAD - MOVILIDAD,MOU009,"IMPLEMENTAR AJUSTES EN SEMAFORIZACIÓN Y SEÑALIZACIÓN, DE ACUERDO, A RESULTADOS DEL DIAGNÓSTICO CONSIDERANDO EL PRESUPUESTO OTORGADO",,150
TRÁNSITO Y VIALIDAD - MOVILIDAD,MOU008,REALIZAR LA SEÑALÉTICA VERTICAL Y HORIZONTAL,,40000
TRÁNSITO Y VIALIDAD - MOVILIDAD,MOU007,"REALIZAR UN ESTUDIO DIAGNÓSTICO DE SEMAFORIZACIÓN, SEÑALIZACIÓN Y CRUCES PEATONALES",,1
TRÁNSITO Y VIALIDAD - MOVILIDAD,MOU006,REALIZAR CAMPAÑAS DE SEÑALÉTICA VIAL Y DE CONOCIMIENTO DEL MARCO NORMATIVO PARA LA REGULACIÓN DEL TRÁNSITO: DERECHOS Y OBLIGACIONES EN COORDINACIÓN CON LA DELEGACIÓN DE TRÁNSITO DEL ESTADO EN EL MUNICIPIO,,1
"MODERNIZACIÓN, INNOVACIÓN Y GOBIERNO ABIERTO",MIG014,"REALIZAR EL SEGUIMIENTO A LA VINCULACIÓN CON OTRAS INSTANCIAS DE LOS SECTORES PÚBLICOS, PRIVADOS A TRAVÉS DE CONVENIOS",,2
"MODERNIZACIÓN, INNOVACIÓN Y GOBIERNO ABIERTO",MIG013,REALIZAR CAMPAÑA DE REDES SOCIALES PARA EL TEMA DE DIFUSIÓN DE LOS SERVICIOS DE SIPINNA,,0
"MODERNIZACIÓN, INNOVACIÓN Y GOBIERNO ABIERTO",MIG012,ACTUALIZAR EL PORTAL INSTITUCIONAL VERACRUZMUNICIPIO.GOB.MX,,0.9
"MODERNIZACIÓN, INNOVACIÓN Y GOBIERNO ABIERTO",MIG011,ACTUALIZAR LA PLATAFORMA DIGITAL DE GOBIERNO ABIERTO ,,0.9
"MODERNIZACIÓN, INNOVACIÓN Y GOBIERNO ABIERTO",MIG010,MANTENER ACTUALIZADO EL PORTAL DE SIPINNA,,0.9
"MODERNIZACIÓN, INNOVACIÓN Y GOBIERNO ABIERTO",MIG009,ACTUALIZAR EL PORTAL DE  DATOS ABIERTOS VERACRUZ,Trimestral,1
"MODERNIZACIÓN, INNOVACIÓN Y GOBIERNO ABIERTO",MIG008,SOPORTE Y ACTUALIZACIÓN DEL PORTAL CERO FILAS Y MI VERACRUZ,,8
"MODERNIZACIÓN, INNOVACIÓN Y GOBIERNO ABIERTO",MIG007,SOPORTE Y ACTUALIZACIÓN DE LA PLATAFORMA DIGITAL GEOGOV,,1
"MODERNIZACIÓN, INNOVACIÓN Y GOBIERNO ABIERTO",MIG006,"SEGUIMIENTO, SOPORTE Y ACTUALIZACIÓN DE LA PLATAFORMA CERO PAPEL",Mensual,12
"MODERNIZACIÓN, INNOVACIÓN Y GOBIERNO ABIERTO",MIG005,SOPORTE BRINDANDO APOYO AL PROGRAMA DE COBRO DE PREDIAL Y SERVICIOS DIGITALES DE LA PLATAFORMA DIGITAL DE TESORERÍA VIRTUAL,Anual,12
"MODERNIZACIÓN, INNOVACIÓN Y GOBIERNO ABIERTO",MIG004,SERVICIOS ADICIONALES AL SIRC V.2.0,Mensual,1
"MODERNIZACIÓN, INNOVACIÓN Y GOBIERNO ABIERTO",MIG003,MANTENIMIENTO A PARQUES CON INTERNET PÚBLICO GRÁTUITO ,Mensual,2500
"MODERNIZACIÓN, INNOVACIÓN Y GOBIERNO ABIERTO",MIG002,SEGUIMIENTO AL SOPORTE TÉCNICO Y A USUARIOS,Mensual,0.93
"MODERNIZACIÓN, INNOVACIÓN Y GOBIERNO ABIERTO",MIG001,"FORTALECIMIENTO TECNOLÓGICO EN LA DIRECCIÓN DE INFRAESTRUCTURA DE OBRAS PÚBLICAS, DIF Y DIRECCIÓN DE MODERNIZACIÓN, INNOVACIÓN Y GOBIERNO ABIERTO (SOPORTE TÉCNICO)",Mensual,1
MEDIO AMBIENTE Y PROTECCIÓN ANIMAL,MAM012,SIMPLIFICACIÓN DE LOS TRÁMITES INSCRITOS EN EL PROGRAMA DE MEJORA REGULATORIA,,2
MEDIO AMBIENTE Y PROTECCIÓN ANIMAL,MAM011,REFORMA AL REGLAMENTO MUNICIPAL DEL EQUILIBRIO ECOLÓGICO Y LA PROTECCIÓN AL AMBIENTE DE ACUERDO CON EL PROGRAMA DE MEJORA REGULATORIA,,1
MEDIO AMBIENTE Y PROTECCIÓN ANIMAL,MAM010,PODA Y/O CORTE DE ÁRBOLES EN ESPACIOS PÚBLICOS,,5250
MEDIO AMBIENTE Y PROTECCIÓN ANIMAL,MAM009,"RECEPCIÓN, ANÁLISIS, EVALUACIÓN Y EMISIÓN DE LOS MANIFIESTOS DE IMPACTO AMBIENTAL DE COMPETENCIA MUNICIPAL",,4
MEDIO AMBIENTE Y PROTECCIÓN ANIMAL,MAM008,PROGRAMA DE PROTECCIÓN ANIMAL,,12
MEDIO AMBIENTE Y PROTECCIÓN ANIMAL,MAM007,REALIZAR ACOPIO DE RESIDUOS SÓLIDOS URBANOS (CAMPAÑAS DE RECICLAJE),,2
MEDIO AMBIENTE Y PROTECCIÓN ANIMAL,MAM006,LIMPIEZA PERIMETRAL DE LAGUNAS DEL MUNICIPIO DE VERACRUZ,,6
MEDIO AMBIENTE Y PROTECCIÓN ANIMAL,MAM005,LLEVAR A CABO EL CONTROL DEL PARQUE ZOOLÓGICO Y BOTÁNICO MIGUEL ÁNGEL DE QUEVEDO,,2
MEDIO AMBIENTE Y PROTECCIÓN ANIMAL,MAM004,GESTIONAR CON DIFERENTES INSTITUCIONES LA ELABORACIÓN DEL PROGRAMA DE ORDENAMIENTO ECOLÓGICO MUNICIPAL,,2
MEDIO AMBIENTE Y PROTECCIÓN ANIMAL,MAM003,CANALIZAR Y DAR ATENCIÓN A LAS DENUNCIAS POR CONTAMINACIÓN AMBIENTAL Y PROTECCIÓN ANIMAL PRESENTADAS POR LA CIUDADANÍA,,12
MEDIO AMBIENTE Y PROTECCIÓN ANIMAL,MAM002,IMPARTIR PLÁTICAS DE EDUCACIÓN AMBIENTAL Y PROTECCIÓN ANIMAL,,50
MEDIO AMBIENTE Y PROTECCIÓN ANIMAL,MAM001,REFORESTACIÓN EN ESPACIOS PÚBLICOS,,7500
LIMPIA PÚBLICA,LMP006,"ACORDE CON LAS ACTIVIDADES QUE SE REALIZARAN DENTRO DE LA CIUDAD, ESTABLECER CUADRILLAS DE BARRIDO, LAVADO Y MAQUINARIA QUE REALICEN LAS ACCIONES DE LIMPIEZA REQUERIDAS PARA CADA EVENTO",,280
LIMPIA PÚBLICA,LMP005,"ATENDER A LA NECESIDAD DE LA CIUDADANÍA DE DESHACERSE DE BIENES QUE HAN CUMPLIDO CON SU VIDA ÚTIL Y QUE NO PUEDEN SER DESECHADOS EN LA RECOLECCIÓN COTIDIANA, CON EL APOYO PERSONAL  RETROEXCAVADORA Y VOLTEOS",,10
LIMPIA PÚBLICA,LMP004,"MANTENER PLAZAS, PLAZUELAS Y CALLEJONES LIMPIOS TODOS LOS DÍAS  CON 2 CUADRILLAS DE LAVADO AL DÍA, PARA FOMENTAR CONVIVENCIA Y ACTIVIDADES TURÍSTICAS EN ELLAS",,1200
LIMPIA PÚBLICA,LMP003,LIMPIAR CON 1 CUADRILLA DE BARRIDO LAS PLAYAS POR TURNO PARA CONSERVAR LIMPIAS LAS PLAYAS DEL MUNICIPIO,,163
LIMPIA PÚBLICA,LMP002,REALIZAR CON 52 CAMIONES LA RECOLECCIÓN DE RESIDUOS SÓLIDOS URBANOS NO TÓXICOS EN EL MUNICIPIO DE VERACRUZ EN 3 TURNOS AL DÍA,,14000
LIMPIA PÚBLICA,LMP001,MANTENER LIBRES DE BASURA ORGÁNICA E INORGÁNICA LAS CALLES Y AVENIDAS DEL MUNICIPIO DE VERACRUZ MEDIANTE EL BARRIDO CON 40 CUADRILLAS EN 3 TURNOS AL DÍA,,1400
JUVENTUD Y EMPRENDIMIENTO,JEM007,"IMPULSAR, CAPACITAR A PROYECTOS DE DESARROLLO CIENTIFICO Y TECNOLOGICO EN LA JUVENTUD",,0
JUVENTUD Y EMPRENDIMIENTO,JEM006,IMPULSAR EL DESARROLLO DE NEGOCIOS Y LA CULTURA DEL EMPRENDIMIENTO EN LA JUVENTUD,,700
JUVENTUD Y EMPRENDIMIENTO,JEM005,CAPTAR A LÍDERES JUVENILES Y FOMENTAR LA PARTICIPACIÓN ACTIVA DE LAS JUVENTUDES DEL MUNICIPIO,,190
JUVENTUD Y EMPRENDIMIENTO,JEM004,ACERCAMIENTO A LOS ESTUDIANTES INTERESADOS SOBRE LAS OFERTAS ACADÉMICAS QUE TIENEN LAS DIVERSAS INSTITUCIONES EDUCATIVAS PRIVADAS DE LA ZONA CONUBADA DE VERACRUZ,,2
JUVENTUD Y EMPRENDIMIENTO,JEM003,"ESTABLECER COLABORACIONES CON ESCUELAS, PARA QUE LOS JÓVENES PARTICIPEN EN ACTIVIDADES QUE FOMENTE EL MUNICIPIO SOBRE EL CUIDADO Y PRESERVACIÓN DEL MEDIO AMBIENTE",,180
JUVENTUD Y EMPRENDIMIENTO,JEM002,RECONOCER A LAS Y LOS JÓVENES DESTACADOS DEL MUNICIPIO QUE POR SU TRAYECTORIA Y DESARROLLO DE PROYECTOS HAN PUESTO EN ALTO EL NOMBRE DEL MUNICIPIO DE VERACRUZ,,0
JUVENTUD Y EMPRENDIMIENTO,JEM001,FOMENTAR LA CULTURA Y EL DEPORTE POR MEDIO DEL DESARROLLO DE ACTIVIDADES QUE INCENTIVEN LA SANA RECREACIÓN ENTRE LAS Y LOS JÓVENES,,100
INCLUSIÓN SOCIAL,INS014,DESARROLLAR EVENTOS QUE PROMUEVAN LA INCLUSIÓN SOCIAL DONDE PARTICIPEN PERSONAS CON Y SIN DISCAPACIDAD,,8
INCLUSIÓN SOCIAL,INS013,REGISTRAR LA ATENCIÓN DE PERSONAS CON DISCAPACIDAD Y PERSONAS LGBTTTIQ+ EN LOS PROGRAMAS DE INCLUSIÓN SOCIAL Y CREDENCIALIZACIÓN (PRIMERA VEZ Y SUBSECUENTES),,1500
INCLUSIÓN SOCIAL,INS012,PROMOVER LA ADOPCIÓN DE DECISIONES  INCLUSIVAS EN TODOS LOS NIVELES  MEDIANTE FOROS DE CONCIENTIZACIÓN  Y SENSIBILIZACIÓN ,,2
INCLUSIÓN SOCIAL,INS011,REGISTRO DE BENEFICIARIOS DE PLATICAS Y/O ASESORIAS DE DERECHOS HUMANOS,,300
INCLUSIÓN SOCIAL,INS010,"IMPULSAR LA GENERACIÓN DE UNA CULTURA DE INCLUSIÓN Y TOMA DE CONCIENCIA DE LOS DERECHOS DE LAS PERSONAS CON DISCAPACIDAD Y PERSONAS LGBTTTIQ, MEDIANTE PLÁTICAS Y/O ASESORÍAS SOBRE DERECHOS HUMANOS",,7
INCLUSIÓN SOCIAL,INS009,INSTAURAR EL PADRÓN MUNICIPAL DE PERSONAS CON DISCAPACIDAD EN EL MUNICIPIO ,,5000
INCLUSIÓN SOCIAL,INS008,"FAVORECER EN LA ECONÓMIA FAMILIAR DE LAS PERSONAS CON DISCAPACIDAD, A TRAVÉS DE LA ENTREGA DE CREDENCIALES DE DISCAPACIDAD",,400
INCLUSIÓN SOCIAL,INS007,"PROMOVER LA ACTIVACIÓN FÍSICA Y DEPORTE PARA PERSONAS CON DISCAPACIDAD, A TRAVÉS DE LA VINCULACIÓN A INSTITUCIONES DEPORTIVAS",,25
INCLUSIÓN SOCIAL,INS006,"POTENCIAR Y PROMOVER LA INCLUSIÓN SOCIAL A LA RECREACIÓN, ARTE Y CULTURA DE PERSONAS CON DISCAPACIDAD Y PERSONAS LGBTTTIQ+ MEDIANTE LA VINCULACIÓN A INSTITUCIONES CULTURALES O ESPACIOS RECREATIVOS",,80
INCLUSIÓN SOCIAL,INS005,"PROMOVER LA INCLUSIÓN SOCIAL DE LAS MUJERES CON DISCAPACIDAD Y JEFAS DE FAMILIA, FORTALECIENDO EL EMPRENDIMIENTO, OTORGANDO UN KIT DE HERRAMIENTAS DE TRABAJO",,30
INCLUSIÓN SOCIAL,INS004,REGISTRAR BENEFICIARIOS DE LOS TALLERES DE CAPACITACIÓN COMO FORMA DE AUTOEMPLEO PARA PERSONAS CON DISCACIDAD Y PERSONAS LGBTTTIQ+,,60
INCLUSIÓN SOCIAL,INS003,"FAVORECER LA CAPACITACIÓN LABORAL DE PERSONAS CON DISCAPACIDAD Y PERSONAS LGBTTTIQ+, COMO FORMA DE AUTOEMPLEO, MEDIANTE TALLERES",,5
INCLUSIÓN SOCIAL,INS002,PROMOVER LA INCLUSIÓN LABORAL DE PERSONAS CON DISCAPACIDAD EN EL SECTOR PRODUCTIVO FORMAL Y/O TEMPORAL MEDIANTE LA VINCULACIÓN A EMPRESAS,,80
INCLUSIÓN SOCIAL,INS001,"IMPULSAR LA INCLUSIÓN EDUCATIVA DE MENORES, JÓVENES Y ADULTOS CON DISCAPACIDAD MEDIANTE LA VINCULACIÓN A INSTITUCIONES EDUCATIVAS",,30
INSTITUTO MUNICIPAL DE LA VIVIENDA (IMUVI),INM017,TRAMITACIÓN Y REGULARIZACIÓN DE CONCEPTOS RELACIONADOS CON ACTIVIDADES QUE CONLLEVAN A LA ESTRATEGIA DE ESCRITURAS PARA BENEFICIO DE LA CIUDADANÍA,,900
INSTITUTO MUNICIPAL DE LA VIVIENDA (IMUVI),INM016,DIFUNDIR A LA CIUDADANÍA LOS PROGRAMAS DE VIVIENDA EXISTENTES ,,1
INSTITUTO MUNICIPAL DE LA VIVIENDA (IMUVI),INM015,PLÁTICAS INFORMATIVAS CON LOS CIUDADANOS ,,1
INSTITUTO MUNICIPAL DE LA VIVIENDA (IMUVI),INM014,REALIZAR EL CUMPLIMIENTO DE ACTIVIDADES FISCALES ADMINISTRATIVAS,,13
INSTITUTO MUNICIPAL DE LA VIVIENDA (IMUVI),INM013,ELABORACIÓN DE CENSOS POBLACIONALES EMERGENTES DE VIVIENDA POR CAUSA DE SINIESTRO ,,1
INSTITUTO MUNICIPAL DE LA VIVIENDA (IMUVI),INM012,REALIZAR PROGRAMAS DE SUPERVISION DE VIVIENDA ,,3
INSTITUTO MUNICIPAL DE LA VIVIENDA (IMUVI),INM011,ELABORAR E IMPLEMENTAR PROGRAMA DE ACCIONES DE VIVIENDA   ,,50
INSTITUTO MUNICIPAL DE LA VIVIENDA (IMUVI),INM010,FINANCIAMIENTO Y SUBSIDIOS GESTIONADOS PARA REALIZAR ACCIONES DE VIVIENDA,,50
INSTITUTO MUNICIPAL DE LA VIVIENDA (IMUVI),INM009,"TRABAJOS TOPOGRÁFICOS (DESLINDES, PLANOS, LOTIFICACIONES Y MEDICIÓN)",,900
INSTITUTO MUNICIPAL DE LA VIVIENDA (IMUVI),INM008,EFECTUAR ACTIVIDADES RELACIONADAS CON LA ELABORACIÓN DE CENSOS EN ASENTAMIENTOS IRREGULARES ,,900
INSTITUTO MUNICIPAL DE LA VIVIENDA (IMUVI),INM007,REALIZAR VISITAS DE INSPECCIÓN PARA ESTUDIOS Y DIAGNÓSTICOS DE LA ZONA DONDE SE UBICAN LOS ASENTAMIENTOS HUMANOS IRREGULARES,,900
INSTITUTO MUNICIPAL DE LA VIVIENDA (IMUVI),INM006,LLEVAR A CABO REUNIONES DE TRABAJO CON REPRESENTANTES Y/O PROPIETARIOS DE DIVERSAS COLONIAS DEL MUNICIPIO DE VERACRUZ QUE SOLICITEN LA INTERVENCIÓN LA O GESTIÓN PARA LA REGULARIZACIÓN ,,10
INSTITUTO MUNICIPAL DE LA VIVIENDA (IMUVI),INM005,REPORTE DE ACTIVIDADES JURÍDICO ADMINISTRATIVAS ,,12
INSTITUTO MUNICIPAL DE LA VIVIENDA (IMUVI),INM004,REALIZAR REVISIÓN DE CONVENIOS PARA SU FUNDAMENTACIÓN LEGAL,,6
INSTITUTO MUNICIPAL DE LA VIVIENDA (IMUVI),INM003,CONVENIOS ELABORADOS Y FIRMADOS PARA LA REGULARIZACIÓN DE COLONIAS A CARGO DEL MUNICIPIO ,,6
INSTITUTO MUNICIPAL DE LA VIVIENDA (IMUVI),INM002,REALIZAR ACTIVIDADES NECESARIAS RELACIONADAS CON EL PROCEDIMIENTO DE REGULARIZACIÓN DE LOS ASENTAMIENTOS HUMANOS IRREGULARES DE LAS COLONIAS QUE NO ESTAN A CARGO DEL  MUNICIPIO ,,4
INSTITUTO MUNICIPAL DE LA VIVIENDA (IMUVI),INM001,REALIZAR ACTIVIDADES NECESARIAS RELACIONADAS CON EL PROCEDIMIENTO DE REGULARIZACIÓN DE LOS ASENTAMIENTOS HUMANOS IRREGULARES CON EL INSTITUTO NACIONAL DE SUELO SUSTENTABLE (INSUS) Y EL REGISTRO NACIONAL AGRARIO (RAN),,3
TESORERÍA MUNICIPAL - INGRESOS,ING014,REALIZAR TALLERES DE CAPACITACIÓN PARA EL PERSONAL DE LA DIRECCIÓN DE INGRESOS,,2
TESORERÍA MUNICIPAL - INGRESOS,ING013,GENERAR INFORME MENSUAL DE OPERACIONES Y RECAUDACIÓN DE PARQUÍMETROS,,
TESORERÍA MUNICIPAL - INGRESOS,ING012,"REPORTAR DENTRO DE LOS PRIMEROS 5 DÍAS HÁBILES DE CADA MES, LOS INGRESOS RECAUDADOS A LAS DIFERENTES DIRECCIONES GENERADORAS DE PASES DE COBRO",,12
TESORERÍA MUNICIPAL - INGRESOS,ING011,REALIZAR CAMPAÑA DE COBRO A DEUDORES REZAGADOS DEL PADRÓN DE LIMPIA PUBLICA QUE SE ENCUENTRA EN EL SISTEMA ODOO,,2
TESORERÍA MUNICIPAL - INGRESOS,ING010,ANALIZAR Y ACTUALIZAR EL PADRÓN DE LIMPIA PUBLICA QUE SE ENCUENTRA EN EL SISTEMA ODOO,,4413
TESORERÍA MUNICIPAL - INGRESOS,ING009,GENERAR INFORME MENSUAL DE RECAUDACIÓN DE IMPUESTO POR ESPECTÁCULOS,,
TESORERÍA MUNICIPAL - INGRESOS,ING008,REALIZAR RECAUDACIÓN FORÁNEA DE INGRESOS A PETICIÓN DE LAS DIFERENTES DIRECCIONES DEL AYUNTAMIENTO,,12
TESORERÍA MUNICIPAL - INGRESOS,ING007,"PRESENTAR DENTRO DE LOS PRIMEROS 3 DÍAS HÁBILES A FIRMA DE TESORERIA LA DECLARACIÓN DE INGRESOS POR EL USO, GOCE Y APROVECHAMIENTO DE SUELO DE ZONA FEDERAL (ZOFEMAT)",,12
TESORERÍA MUNICIPAL - INGRESOS,ING006,"PRESENTAR EN LOS PRIMEROS 5 DÍAS HÁBILES DE CADA MES EL INFORME DE RECAUDACIÓN DEL IMPUESTO PREDIAL Y TRASLADO DE DOMINIO, A LA DIRECCIÓN DE CONTABILIDAD Y SU ENVIÓ A SEFIPLAN",,12
TESORERÍA MUNICIPAL - INGRESOS,ING005,OPERACIÓN DE MÓDULOS DE COBRO (VENTANILLAS) PARA EL PAGO DE DIVERSAS CONTRIBUCIONES,,318
TESORERÍA MUNICIPAL - INGRESOS,ING004,"ATENDER A CONTRIBUYENTES-OPERACIONES EN CAJAS DE COBRO DE LA DIRECCIÓN DE INGRESOS POR EL PAGO DE IMPUESTOS, DERECHOS Y APROVECHAMIENTOS",,
TESORERÍA MUNICIPAL - INGRESOS,ING003,"AFILIAR, ACTUALIZAR Y DEPURAR AL PADRÓN DE JUBILADOS, PENSIONADOS, 3ERA. EDAD, DISCAPACITADOS, MADRES SOLTERAS Y DESAPARICIÓN FORZADA, BENEFICIARIOS DEL DESCUENTO DEL 50% SOBRE EL PAGO DEL IMPUESTO PREDIAL ANTICIPADO",,3
TESORERÍA MUNICIPAL - INGRESOS,ING002,ESTRUCTURAR EL PROGRAMA DE COBRO DEL IMPUESTO PREDIAL ANTICIPADO 2026,,
TESORERÍA MUNICIPAL - INGRESOS,ING001,RECAUDAR EN MÓDULOS DE COBRO Y TRAVÉS DE MEDIOS ELECTRÓNICOS EL IMPUESTO PREDIAL CORRIENTE Y REZAGO,,238279773
INSTITUTO MUNICIPAL DE LAS MUJERES DE VERACRUZ (IMMUVER),IMU015,EVENTOS CONMEMORATIVOS,,2
INSTITUTO MUNICIPAL DE LAS MUJERES DE VERACRUZ (IMMUVER),IMU014,MÓDULOS DE DIFUSIÓN DE LOS DERECHOS HUMANOS DE LAS MUJERES,,1850
INSTITUTO MUNICIPAL DE LAS MUJERES DE VERACRUZ (IMMUVER),IMU013,CAPACITACIÓN DE LOS DERECHOS HUMANOS DE LAS MUJERES,,1825
INSTITUTO MUNICIPAL DE LAS MUJERES DE VERACRUZ (IMMUVER),IMU012,SEGUIMIENTOS DE ATENCIÓN INTEGRAL ,,36
INSTITUTO MUNICIPAL DE LAS MUJERES DE VERACRUZ (IMMUVER),IMU011,CULTURA Y RECREACIÓN,,1556
INSTITUTO MUNICIPAL DE LAS MUJERES DE VERACRUZ (IMMUVER),IMU010,CORRESPONSABILIDAD Y AUTOCUIDADO EN LA SALUD DE LAS MUJERES,,1770
INSTITUTO MUNICIPAL DE LAS MUJERES DE VERACRUZ (IMMUVER),IMU009,EMPODERAMIENTO DE LAS MUJERES PARA SU DESARROLLO ,,2094
INSTITUTO MUNICIPAL DE LAS MUJERES DE VERACRUZ (IMMUVER),IMU008,MESAS DE TRABAJO INSTITUCIONALES,,10
INSTITUTO MUNICIPAL DE LAS MUJERES DE VERACRUZ (IMMUVER),IMU007,GESTIONES DE SENDEROS SEGUROS,,12
INSTITUTO MUNICIPAL DE LAS MUJERES DE VERACRUZ (IMMUVER),IMU006,CAPACITACIONES AL FUNCIONARIADO MUNICIPAL,,300
INSTITUTO MUNICIPAL DE LAS MUJERES DE VERACRUZ (IMMUVER),IMU005,CAPACITACIÓN Y DIFUSIÓN DE LOS DERECHOS HUMANOS,,1
INSTITUTO MUNICIPAL DE LAS MUJERES DE VERACRUZ (IMMUVER),IMU004,ATENCIÓN A LA VIOLENCIA,,1
INSTITUTO MUNICIPAL DE LAS MUJERES DE VERACRUZ (IMMUVER),IMU003,SALUD INTEGRAL ,,1
INSTITUTO MUNICIPAL DE LAS MUJERES DE VERACRUZ (IMMUVER),IMU002,EMPODERAMIENTO DE LAS MUJERES ,,1
INSTITUTO MUNICIPAL DE LAS MUJERES DE VERACRUZ (IMMUVER),IMU001,FORTALECIMIENTO INSTITUCIONAL Y TRANSVERSALIDAD,,1
INSTITUTO METROPOLITANO DEL AGUA (IMA),IMA004,"REALIZAR ACCIONES ENCAMINADAS A FOMENTAR LA CULTURA DEL AGUA, A TRAVÉS DE ACTIVIDADES PARA CREAR CONCIENCIA SOBRE EL CUIDADO DEL LÍQUIDO VITAL",,8
INSTITUTO METROPOLITANO DEL AGUA (IMA),IMA003,REALIZAR MUESTREO DE CLORO RESIDUAL LIBRE EN TOMAS DOMICILIARIAS EN LA ZONA DE COMPETENCIA DE ESTE INSTITUTO,,4
INSTITUTO METROPOLITANO DEL AGUA (IMA),IMA002,ATENCIÓN DE INCONFORMIDADES POR LA PRESTACIÓN DE SERVICIOS DE AGUA Y SANEAMIENTO EN EL MUNICIPIO DE VERACRUZ,,600
INSTITUTO METROPOLITANO DEL AGUA (IMA),IMA001,"SUPERVISAR LA OPERACIÓN, MANTENIMIENTO Y CONSTRUCCIÓN DE LA INFRAESTRUCTURA DE AGUA POTABLE, DRENAJE SANITARIO, COMBINADO, TRATAMIENTO Y DISPOSICIÓN DE AGUAS RESIDUALES",,
GOBERNACIÓN,GOB015,"EXPEDICIÓN DE CONSTANCIAS DE ""MATRÍCULA"" Y ""NO TRÁMITE"" ",,388
GOBERNACIÓN,GOB014,EXPEDICIÓN DE LAS CARTILLAS DEL SERVICIO MILITAR NACIONAL,,2500
GOBERNACIÓN,GOB013,"OTORGAR CONSTANCIAS DE FE DE VIDA SIGNADAS POR EL DIRECTOR DE GOBERNACIÓN, EN LA CUAL SE ESTABLECE QUE EL EXTRANJERO ESTÁ REGISTRADO BAJO UN NÚMERO DE FOLIO EN EL PADRÓN MUNICIPAL",,7
GOBERNACIÓN,GOB012,LLEVAR A CABO EL REGISTRO DE EXTRANJEROS EN LOS LIBROS MUNICIPALES,,10
GOBERNACIÓN,GOB011,BRINDAR APOYO LOGÍSTICO EN EVENTOS DE CARÁCTER RELIGIOSO; ASÍ COMO ASESORÍA A LIDERES DE CULTOS RELIGIOSOS,,24
GOBERNACIÓN,GOB010,ANOTAR EN EL PADRÓN DE ASUNTOS RELIGIOSOS LAS ASOCIACIONES RELIGIOSAS QUE ACUDAN VOLUNTARIAMENTE A REALIZAR SUS REGISTROS,,6
GOBERNACIÓN,GOB009,BRINDAR ASESORÍA Y ORIENTACIÓN A LA CIUDADANIA RESPECTO A ASUNTOS DE CARÁCTER LEGAL,,60
GOBERNACIÓN,GOB008,ACUDIR A MESAS DE SEGURIDAD CON DISTINTAS DEPENDENCIAS PARA RESOLVER DISTINTAS PROBLEMÁTICAS DE LOS CIUDADANOS,,60
GOBERNACIÓN,GOB007,REALIZAR LA CERTIFICACIÓN DE CONSTANCIAS EXPEDIDAS POR JEFES DE MANZANA,,3000
GOBERNACIÓN,GOB006,OPERATIVOS QUE SE REALIZAN CON LA ATENCIÓN DE UN CIUDADANO O PROBLEMÁTICA DE DICHO ESTABLECIMIENTO O DE ALGÚN EVENTO PREVIO FESTIVAL,,85
GOBERNACIÓN,GOB005,EVENTOS QUE SE REALIZAN PARA DISFRUTAR DE ALGÚN TIPO DE SUCESO QUE PUEDE ABARCAR CUALQUIER ÁREA SOCIAL,,145
GOBERNACIÓN,GOB004,"RECIBIR LAS PETICIONES DE LOS CIUDADANOS SOBRE APOYOS SOCIALES Y QUEJAS, PARA CANALIZARLAS A SU RESPECTIVA ÁREA DE ATENCIÓN A TRAVÉS DEL SISTEMA DE RELACIÓN CON CIUDADANOS (SIRC)",,250
GOBERNACIÓN,GOB003,"CONVOCAR A REUNIONES INSTITUCIONALES A LAS DEPENDENCIAS DE LA ADMINISTRACIÓN PÚBLICA MUNICIPALES, PARA LA ATENCIÓN DE LOS PLANTEAMIENTOS, SOLICITUDES O SOLUCIÓN DE PROBLEMÁTICAS PLANTEADAS POR LA CIUDADANÍA, ASÍ COMO DAR EL SEGUIMIENTO RESPECTIVO DE LOS ACUERDOS Y RESULTADOS DE ESTAS",,60
GOBERNACIÓN,GOB002,ATENDER LA PROBLEMÁTICA DE LOS GRUPOS SOCIALES Y CANALIZARLOS HACIA LAS INSTANCIAS CORRESPONDIENTES,,99
GOBERNACIÓN,GOB001,"BRINDAR ATENCIÓN PERSONAL Y DIRECTA A LAS SOLICITUDES/PROBLEMÁTICAS/QUEJAS DE CIUDADANOS O GRUPOS SOCIALES Y EN SU CASO CANALIZÁNDOLAS A LAS ÁREAS CORRESPONDIENTES PARA ASÍ, MEJORAR LA CALIDAD DE VIDA DE LOS GOBERNADOS",,230
FOMENTO AGROPECUARIO Y DESARROLLO RURAL,FAG016,CURSO DE VERANO EN LA ZONA RURAL,,4
FOMENTO AGROPECUARIO Y DESARROLLO RURAL,FAG015,INCLUSIÓN DE LAS REINAS PATRONALES EN ACTIVIDADES CARNESTOLENDAS,,1
FOMENTO AGROPECUARIO Y DESARROLLO RURAL,FAG014,FESTIVAL DEL PESCADOR,,2
FOMENTO AGROPECUARIO Y DESARROLLO RURAL,FAG013,PARTICIPACIÓN CON APOYOS EN ESPECIE EN LAS FIESTAS PATRONALES,,17
FOMENTO AGROPECUARIO Y DESARROLLO RURAL,FAG012,CELEBRAR EL DÍA DE LA MUJER RURAL,,1
FOMENTO AGROPECUARIO Y DESARROLLO RURAL,FAG011,IMPLEMENTAR UN CERTAMEN CON PREMIOS EN ESPECIE PARA INCENTIVAR LA CAPACIDAD INNOVADORA DE LA MUJER RURAL,,1
FOMENTO AGROPECUARIO Y DESARROLLO RURAL,FAG010,ENTREGAR RECONOCIMIENTOS A MUJERES DESTACADAS,,1
FOMENTO AGROPECUARIO Y DESARROLLO RURAL,FAG009,FOMENTAR LA INCLUSIÓN ESPECIFICA DE LA MUJER RURAL CON LA CREACIÓN DE MICROEMPRESAS ,,1
FOMENTO AGROPECUARIO Y DESARROLLO RURAL,FAG008,"INICIAR CURSOS Y TALLERES DE CAPACITACIÓN ESPECIFICOS PARA FORTALECER LA CREATIVIDAD, CAPACIDAD PRODUCTIVA E INGRESOS DE LA MUJER RURAL (ODS 5 Y 8)",,105
FOMENTO AGROPECUARIO Y DESARROLLO RURAL,FAG007,COORDINAR ACTIVIDADES MULTIDISCIPLINARIAS NO INVASIVAS PARA CONTENER PLAGAS,,1
FOMENTO AGROPECUARIO Y DESARROLLO RURAL,FAG006,SUMINISTRO DE PACAS DE FORRAJE EN TEMPORADAS DE ESTIAJE,,2
FOMENTO AGROPECUARIO Y DESARROLLO RURAL,FAG005,"INSTRUMENTAR CURSOS DE INTRODUCCIÓN, APRENDIZAJE Y DESEMPEÑO EN LA MICROEMPRESA RURAL",,7
FOMENTO AGROPECUARIO Y DESARROLLO RURAL,FAG004,APOYAR A LOS PRODUCTORES EN SUS OBLIGACIONES FISCALES,,1
FOMENTO AGROPECUARIO Y DESARROLLO RURAL,FAG003,IMPLEMENTAR RECORRIDOS MULTIDISCIPLINARIOS DE INSPECCIÓN INTEGRAL,,130
FOMENTO AGROPECUARIO Y DESARROLLO RURAL,FAG002,CONVOCAR A SESIONES DEL CONSEJO MUNICIPAL DEL DESARROLLO RURAL SUSTENTABLE ,,2
FOMENTO AGROPECUARIO Y DESARROLLO RURAL,FAG001,CENSO DE PRODUCCIÓN DE LA MUJER RURAL ,,1
ESPACIOS PÚBLICOS,EPP008,"REALIZAR TRABAJOS DE MANTENIMIENTO EN ÁREAS VERDES, PINTURA, HERRERÍA, ELÉCTRICOS, ALBAÑILERÍA, RIEGO Y RECOLECCIÓN DE BASURA VERDE EN EL PARQUE ECOLÓGICO E INCLUSIVO ADOLFO RUÍZ CORTINES DE LA CIUDAD",,63708
ESPACIOS PÚBLICOS,EPP007,"REALIZAR TRABAJOS DE PINTURA, JARDINERÍA, MANTENIMIENTO A ESTRUCTURAS METÁLICAS, MANTENIMIENTO MENOR DE ALBAÑILERÍA, MONUMENTOS, ELECTRICIDAD Y MOBILIARIO URBANO EN BOULEVARD MANUEL ÁVILA CAMACHO",,36025
ESPACIOS PÚBLICOS,EPP006,"REALIZAR RIEGO EN ÁREAS VERDES, PARQUES Y ESPACIOS PÚBLICOS DE LA CIUDAD",,42777
ESPACIOS PÚBLICOS,EPP005,"REALIZAR LA LIMPIEZA, CHAPEO, PODAS MENORES Y RECOLECCIÓN DE  BASURA VERDE EN ESCUELAS DE LA CIUDAD",,48
ESPACIOS PÚBLICOS,EPP004,"REALIZAR TRABAJOS DE MANTENIMIENTO EN ÁREAS VERDES, LAVADO DE PLAZAS Y MONUMENTOS, ALBAÑILERÍA, PINTURA, FUENTES, RELOJES, SISTEMA DE RIEGO Y HERRERÍA EN CENTRO HISTÓRICO DE LA CIUDAD",,288924
ESPACIOS PÚBLICOS,EPP003,"REALIZAR LA LIMPIEZA, CHAPEO, PODA Y RECOLECCIÓN DE BASURA VERDE EN EDIFICIOS DIF DEL MUNICIPIO",,158559
ESPACIOS PÚBLICOS,EPP002,"REALIZAR LA LIMPIEZA, CHAPEO Y RECOLECCIÓN DE BASURA EN CAMELLONES Y JARDINERAS DE LA CIUDAD",,1122599
ESPACIOS PÚBLICOS,EPP001,"REALIZAR TRABAJOS DE LIMPIEZA, CHAPEO, PINTURA, HERRERÍA, ELÉCTRICOS, RECOLECCIÓN DE BASURA VERDE EN ÁREAS VERDES, PARQUES Y ESPACIOS PÚBLICOS DEL MUNICIPIO",,776532
EGRESOS,EGR004,MONITOREO DE PROCESOS INTERNOS,Mensual,12
EGRESOS,EGR003,PAGO DE NÓMINA,Mensual,170353
EGRESOS,EGR002,PAGO A PROVEEDORES,Mensual,9759
EGRESOS,EGR001,ATENCIÓN A PROVEEDORES Y  USUARIOS INTERNOS,Mensual,6010
EDUCACIÓN,EDC011,OTRAS ACTIVIDADES: SUPERACIÓN CIUDADANA ,,1
EDUCACIÓN,EDC010,PROMOVER EL DESEMPEÑO DEL PERSONAL DOCENTE DE CALIDAD,,1
EDUCACIÓN,EDC009,FOMENTAR LOS VALORES CÍVICOS EN LOS ESTUDIANTES,,80
EDUCACIÓN,EDC008,PROMOVER LA HISTORIA Y TRADICIONES LOCALES,,5
EDUCACIÓN,EDC007,REALIZAR PLÁTICAS DE PROMOCIÓN DE LA EDUCACIÓN INCLUSIVA CON IGUALDAD Y EQUIDAD ,,90
EDUCACIÓN,EDC006,REALIZAR PLÁTICAS DE CONCIENTIZACIÓN DE PROBLEMÁTICAS SOCIALES,,5682
EDUCACIÓN,EDC005,REALIZAR PLÁTICAS Y TALLERES EN MATERIA DE EDUCACIÓN NO FORMAL EN DIVERSAS TEMÁTICAS DE INTERÉS GENERAL,,90
EDUCACIÓN,EDC004,REALIZAR EL PROGRAMA MIS VACACIONES EN LA BIBLIOTECA,,16
EDUCACIÓN,EDC003,REALIZAR ACTIVIDADES DE FOMENTO A LA LECTURA EN LAS BIBLIOTECAS MUNICIPALES,,2460
EDUCACIÓN,EDC002,IMPLEMENTAR EL PROGRAMA BIBLIOTECA OPORTUNA DE TAREAS ACADÉMICAS (BOTA) EN LAS BIBLIOTECAS MUNICIPALES,,265
EDUCACIÓN,EDC001,OTORGAR APOYOS ESCOLARES,,29000
DESARROLLO PORTUARIO Y ZONA FEDERAL,DPZ003,FOMENTAR EL ORDENAMIENTO DE ZONA FEDERAL PARA GENERAR UNA CERTEZA JURIDICA EN SUS OCUPANTES Y REGULAR LA OCUPACIÓN EN PLAYAS,,1
DESARROLLO PORTUARIO Y ZONA FEDERAL,DPZ002,OFRECER CURSOS DE CAPACITACIÓN A EMPRENDEDORES Y MIPYMES PARA EL FOMENTO AL COMERCIO EXTERIOR,,10
DESARROLLO PORTUARIO Y ZONA FEDERAL,DPZ001,"FORTALECER EL VÍNCULO CON LA AUTORIDAD PORTUARIA, A TRAVÉS DE REUNIONES PERIÓDICAS DONDE SE EXPONGAN TEMAS PRIORITARIOS",,1
"SISTEMA MUNICIPAL DIF VERACRUZ - PROCURADURÍA MUNICIPAL DE PROTECCIÓN DE NIÑAS, NIÑOS Y ADOLESCENTES.",DIF057,"TRABAJAR CON EL COLEGIO DE NOTARIOS EN EL MES DE TESTAMENTO CON LA FINALIDAD DE PROMOVER EN FAVOR DE LAS Y LOS CIUDADANOS EL OTORGAMIENTO DEL TESTIMONIO Y ASÍ CONTRIBUIR A UNA CULTURA DE PREVISIÓN, DE CERTEZA Y SEGURIDAD JURÍDICA EN DERECHO A HEREDAR",,500
"SISTEMA MUNICIPAL DIF VERACRUZ - PROCURADURÍA MUNICIPAL DE PROTECCIÓN DE NIÑAS, NIÑOS Y ADOLESCENTES.",DIF056,"DETECTAR E IDENTIFICAR A TRAVÉS DE OPERATIVOS AQUELLOS LUGARES EN LOS QUE ESTÉN EN RIESGO Y/O LABORANDO NIÑAS, NIÑOS O ADOLESCENTES GENERANDO LOS APERCIBIMIENTOS RESPECTIVOS PARA GARANTIZAR EL CUMPLIMIENTO DE SUS DERECHOS ",,60
"SISTEMA MUNICIPAL DIF VERACRUZ - PROCURADURÍA MUNICIPAL DE PROTECCIÓN DE NIÑAS, NIÑOS Y ADOLESCENTES.",DIF055,"TRABAJAR CON LA DIRECCIÓN GENERAL DEL REGISTRO CIVIL DE LA CIUDAD PARA GESTIONAR LA EXPEDICIÓN DE LAS CONSTANCIAS DE INEXISTENCIA DE REGISTRO, ACTAS DE NACIMIENTO, ASÍ COMO REGISTROS DE NIÑAS, NIÑOS O ADOLESCENTES Y DE PERSONAS ADULTAS, SOLICITADOS POR LOS CIUDADANOS O AUTORIDADES",,12
"SISTEMA MUNICIPAL DIF VERACRUZ - PROCURADURÍA MUNICIPAL DE PROTECCIÓN DE NIÑAS, NIÑOS Y ADOLESCENTES.",DIF054,COADYUVAR CON LA DIRECCIÓN GENERAL DE EJECUCIÓN DE MEDIDA PARA ADOLESCENTES APOYANDO DE ESTE MODO A QUE LOS ADOLESCENTES INFRACTORES CUMPLAN CON LA MEDIDA SANCIONADORA IMPUESTA Y SE REINSERTEN A LA SOCIEDAD,,12
"SISTEMA MUNICIPAL DIF VERACRUZ - PROCURADURÍA MUNICIPAL DE PROTECCIÓN DE NIÑAS, NIÑOS Y ADOLESCENTES.",DIF053,BRINDAR EL APOYO EN EL TRÁMITE FUNERARIO Y DE TRANSPORTE AQUELLAS PERSONAS EN ESTADO DE VULNERABILIDAD,,12
"SISTEMA MUNICIPAL DIF VERACRUZ - PROCURADURÍA MUNICIPAL DE PROTECCIÓN DE NIÑAS, NIÑOS Y ADOLESCENTES.",DIF052,"ELABORAR OPORTUNAMENTE LOS ESTUDIOS SOCIOECONÓMICOS QUE AL EFECTO SOLICITEN LAS AUTORIDADES JURISDICCIONALES O EN SU CASO, ALGUNA INSTANCIA QUE LO REQUIERA",,115
"SISTEMA MUNICIPAL DIF VERACRUZ - PROCURADURÍA MUNICIPAL DE PROTECCIÓN DE NIÑAS, NIÑOS Y ADOLESCENTES.",DIF051,"ATENDER DE MANERA OPORTUNA LOS REPORTES QUE POR CUALQUIER MEDIO ELECTRÓNICO SE RECIBEN EN ESTE ÓRGANO MUNICIPAL POR PARTE DE LAS INSTANCIAS MUNICIPALES, ESTATALES O DE LA CIUDADANÍA EN GENERAL A EFECTO DE REALIZAR LAS VISITAS DOMICILIARIAS CORRESPONDIENTE PARA VERIFICAR LAS CONDICIONES DE VIDA Y TRATO EN LAS QUE SE ENCUENTRAN LAS NIÑAS, NIÑOS Y ADOLESCENTES",,115
"SISTEMA MUNICIPAL DIF VERACRUZ - PROCURADURÍA MUNICIPAL DE PROTECCIÓN DE NIÑAS, NIÑOS Y ADOLESCENTES.",DIF050,"PRESTAR ASISTENCIA JURÍDICA GRATUITA EN LOS CASOS EN QUE LAS AUTORIDADES JURISDICCIONALES SOLICITEN ENTREVISTAR, DECLARAR O COMPARECER A UNA NIÑA, NIÑO O ADOLESCENTE QUE SE ENCUENTRE INVOLUCRADO EN PROCEDIMIENTOS JUDICIALES O ADMINISTRATIVOS",,165
"SISTEMA MUNICIPAL DIF VERACRUZ - PROCURADURÍA MUNICIPAL DE PROTECCIÓN DE NIÑAS, NIÑOS Y ADOLESCENTES.",DIF049,"ASISTENCIA EN AUDIENCIAS A NIÑAS, NIÑOS Y ADOLESCENTES CUANDO LAS AUTORIDADES JURISDICCIONALES ASÍ LO SOLICITEN CON LA FINALIDAD DE QUE SE VALORE PREVIO AL DESAHOGO DE ESTA A EFECTO DE EVITAR QUE SEAN REVICTIMIZADOS O EN SU CASO PARA QUE SE AUXILIE AL JUZGADOR EN CASO DE QUE DECIDA PARTICIPAR EN EL DESARROLLO DE LA PROBANZA",,225
"SISTEMA MUNICIPAL DIF VERACRUZ - PROCURADURÍA MUNICIPAL DE PROTECCIÓN DE NIÑAS, NIÑOS Y ADOLESCENTES.",DIF048,"BRINDAR ATENCIÓN PSICOLÓGICA A NIÑAS, NIÑOS Y ADOLESCENTES O INTEGRANTES DEL NÚCLEO FAMILIAR CUANDO ASÍ LO SOLICITEN LAS AUTORIDADES JURISDICCIONALES O A PETICIÓN DE ALGUNA DE LAS PARTES CUANDO SE DERIVE DE UNA ASESORÍA JURÍDICA",,115
"SISTEMA MUNICIPAL DIF VERACRUZ - PROCURADURÍA MUNICIPAL DE PROTECCIÓN DE NIÑAS, NIÑOS Y ADOLESCENTES.",DIF047,"ELABORAR EL ACTA MEDIANTE EL CUAL SE REALIZA LA ENTREGA FORMAL DE LA NIÑA, NIÑO Y/O ADOLESCENTE CUANDO ASÍ LO SOLICITE O DETERMINE LA AUTORIDAD U ÓRGANO COMPETENTE",,12
"SISTEMA MUNICIPAL DIF VERACRUZ - PROCURADURÍA MUNICIPAL DE PROTECCIÓN DE NIÑAS, NIÑOS Y ADOLESCENTES.",DIF046,"BRINDAR EL RESGUARDO Y/O ALOJAMIENTO EN LOS CENTROS ASISTENCIALES DEL DIF A NIÑAS, NIÑOS Y ADOLESCENTES QUE LA AUTORIDAD U ÓRGANO COMPETENTE SOLICITE, CON LA FINALIDAD DE GARANTIZAR LA PROTECCIÓN INTEGRAL DE SUS DERECHOS, EN TANTO SE RESUELVE SU SITUACIÓN JURÍDICA",,12
"SISTEMA MUNICIPAL DIF VERACRUZ - PROCURADURÍA MUNICIPAL DE PROTECCIÓN DE NIÑAS, NIÑOS Y ADOLESCENTES.",DIF045,ELABORAR Y PRESENTAR DEMANDAS ANTE JUZGADOS ESPECIALIZADOS EN MATERIA FAMILIAR,,12
"SISTEMA MUNICIPAL DIF VERACRUZ - PROCURADURÍA MUNICIPAL DE PROTECCIÓN DE NIÑAS, NIÑOS Y ADOLESCENTES.",DIF044,ELABORAR CONVENIOS COMO MEDIOS ALTERNATIVOS EN CASO DE CONFLICTOS FAMILIAR,,115
"SISTEMA MUNICIPAL DIF VERACRUZ - PROCURADURÍA MUNICIPAL DE PROTECCIÓN DE NIÑAS, NIÑOS Y ADOLESCENTES.",DIF043,BRINDAR ASESORÍAS JURÍDICAS GRATUITAS A PERSONAS DE ESCASOS RECURSOS O DE AQUELLA POBLACIÓN EN CONDICIONES DE VULNERABILIDAD,,9451
SISTEMA MUNICIPAL DIF VERACRUZ - GESTIÓN SOCIAL,DIF042,ENTREGA DE PRÓTESIS,,0
SISTEMA MUNICIPAL DIF VERACRUZ - GESTIÓN SOCIAL,DIF041,ENTREGA DE APARATOS AUDITIVOS,,35
SISTEMA MUNICIPAL DIF VERACRUZ - GESTIÓN SOCIAL,DIF040,ENTREGA DE APARATOS FUNCIONALES,,653
SISTEMA MUNICIPAL DIF VERACRUZ - SUBDIRECCIÓN MÉDICA,DIF039,"PROVEER A LA CIUDADANÍA LOS CONOCIMIENTOS Y ACCIONES, PARA LA PREVENCION DE LAS ENFERMEDADES TRANSMITIDOS POR VECTOR",,21
SISTEMA MUNICIPAL DIF VERACRUZ - SUBDIRECCIÓN MÉDICA,DIF038,"REALIZAR ACTIVIDADES DE ABATIZACIÓN (CONTROL LARVARIO) DENTRO DE LAS COLONIAS DE MAYOR INCIDENCIA DEL MOSQUITO TRANSMISOR DE DENGUE, ZIKA Y CHINKUNGUNYA",,35
SISTEMA MUNICIPAL DIF VERACRUZ - SUBDIRECCIÓN MÉDICA,DIF037,REALIZAR ACTIVIDADES DE ROCIADO RESIDUAL DENTRO DE LOS DOMICILIOS DE LAS COLONIAS CON MAYOR ÍNDICE DE INCIDENCIA EN ENFERMEDADES RELACIONADAS POR VECTOR,,330
SISTEMA MUNICIPAL DIF VERACRUZ - SUBDIRECCIÓN MÉDICA,DIF036,"REALIZAR ACTIVIDADES DE NEBULIZACIÓN AMBIENTAL PARA EL CONTROL DEL VECTOR, EN LAS COLONIAS DE MAYOR RIESGO DEL MUNICIPIO DE VERACRUZ",,330
SISTEMA MUNICIPAL DIF VERACRUZ - SUBDIRECCIÓN MÉDICA,DIF035,"REALIZAR PLÁTICAS A LA CIUDADANÍA EN TEMAS PSICOLÓGICOS, CON LA FINALIDAD DE CONCIENTIZAR A LA POBLACIÓN",,10
SISTEMA MUNICIPAL DIF VERACRUZ - SUBDIRECCIÓN MÉDICA,DIF034,OTORGAR CONSULTAS PSICOLÓGICAS A LA POBLACIÓN DEL MUNICIPIO DE VERACRUZ ,,19800
SISTEMA MUNICIPAL DIF VERACRUZ - SUBDIRECCIÓN MÉDICA,DIF033,OTORGAR TERAPIAS Y VALORACIONES PSICOLÓGICAS A LA POBLACIÓN DEL MUNICIPIO DE VERACRUZ,,1870
SISTEMA MUNICIPAL DIF VERACRUZ - SUBDIRECCIÓN MÉDICA,DIF032,"REALIZAR EXODONCIAS, OBTURACIONES Y PROFILAXIS A LA POBLACIÓN QUE LO REQUIERA",,2905
SISTEMA MUNICIPAL DIF VERACRUZ - SUBDIRECCIÓN MÉDICA,DIF031,REALIZAR PLÁTICAS DENTALES,,2700
SISTEMA MUNICIPAL DIF VERACRUZ - SUBDIRECCIÓN MÉDICA,DIF030,"OTORGAR CONSULTAS ODONTOLÓGICAS, PARA LA REDUCCIÓN DE LOS ÍNDICES DE ENFERMEDADES BUCALES Y PERDIDAS DE PIEZAS DENTALES EN EL MUNICIPIO DE VERACRUZ (APLICACIÓN DE FLÚOR)",,6800
SISTEMA MUNICIPAL DIF VERACRUZ - SUBDIRECCIÓN MÉDICA,DIF029,IMPARTIR EL TALLER ESCUELAS PARA PADRES,,140
SISTEMA MUNICIPAL DIF VERACRUZ - SUBDIRECCIÓN MÉDICA,DIF028,IMPARTIR EL TALLER BEBES VIRTUALES A LOS JÓVENES DEL MUNICIPIO DE VERACRUZ,,2960
SISTEMA MUNICIPAL DIF VERACRUZ - SUBDIRECCIÓN MÉDICA,DIF027,"OTORGAR CONSULTAS GINECOLÓGICAS, PARA LA REDUCCIÓN DE LOS ÍNDICES DE MORBILIDAD Y MORTALIDAD EN EL MUNICIPIO DE VERACRUZ (EXPLORACIONES MAMARIAS, COLPOSCOPIAS Y CONSULTAS GINECOLÓGICAS)",,315
SISTEMA MUNICIPAL DIF VERACRUZ - SUBDIRECCIÓN MÉDICA,DIF026,OTORGAR EL APOYO DE CERTIFICADOS MÉDICOS,,765
SISTEMA MUNICIPAL DIF VERACRUZ - SUBDIRECCIÓN MÉDICA,DIF025,REALIZAR LA ENTREGA DE MEDICAMENTOS A LA POBLACIÓN EN ESTADO DE VULNERABILIDAD DEL MUNICIPIO DE VERACRUZ,,13350
SISTEMA MUNICIPAL DIF VERACRUZ - SUBDIRECCIÓN MÉDICA,DIF024,OTORGAR CURACIONES A PERSONAS VULNERABLES QUE PRESENTAN LESIONES DEBIDO A LA DIABETES,,1095
SISTEMA MUNICIPAL DIF VERACRUZ - SUBDIRECCIÓN MÉDICA,DIF023,"OTORGAR CONSULTAS MÉDICAS DE PRIMER NIVEL, PARA LA REDUCCIÓN DE LOS ÍNDICES DE MORBILIDAD MÁS COMUNES EN EL MUNICIPIO DE VERACRUZ (CONSULTAS MÉDICAS, TOMA DE PRESIÓN, TOMA DE GLUCOSA Y PRUEBAS DE VIH) ",,28200
SISTEMA MUNICIPAL DIF VERACRUZ - SUBDIRECCIÓN MÉDICA,DIF022,APOYAR A LA POBLACIÓN EN SITUACIÓN DE VULNERABILIDAD PRIMEROS 1000 DÍAS,,10000
SISTEMA MUNICIPAL DIF VERACRUZ - SUBDIRECCIÓN MÉDICA,DIF021,APOYAR A LA POBLACIÓN EN SITUACIÓN DE VULNERABILIDAD CON LA ENTREGA DE ALIMENTACIÓN ESCOLAR CALIENTE,,4270
SISTEMA MUNICIPAL DIF VERACRUZ - SUBDIRECCIÓN MÉDICA,DIF020,APOYAR A LA POBLACIÓN EN SITUACIÓN DE VULNERABILIDAD CON LA ENTREGA DE ALIMENTACIÓN ESCOLAR FRÍA,,755730
SISTEMA MUNICIPAL DIF VERACRUZ - SUBDIRECCIÓN MÉDICA,DIF019,REALIZAR PLATICAS NUTRICIONALES,,72
SISTEMA MUNICIPAL DIF VERACRUZ - SUBDIRECCIÓN MÉDICA,DIF018,"OTORGAR CONSULTAS NUTRICIONALES, PARA LA REDUCCIÓN DE LOS ÍNDICES DE DESNUTRICIÓN Y OBESIDAD EN EL MUNICIPIO DE VERACRUZ",,1220
SISTEMA MUNICIPAL DIF VERACRUZ - SUBDIRECCIÓN MÉDICA,DIF017,"OTORGAR EVALUACIONES NUTRICIONALES, PARA LA REDUCCIÓN DE LOS ÍNDICES DE DESNUTRICIÓN Y OBESIDAD EN EL MUNICIPIO DE VERACRUZ",,1250
SISTEMA MUNICIPAL DIF VERACRUZ - SUBDIRECCIÓN MÉDICA,DIF016,REALIZAR REFERENCIAS HOSPITALARIAS Y TURNAR A LA POBLACIÓN EN ESTADO DE VULNERABILIDAD CON MÉDICOS PARTICULARES BAJO CONVENIO DEL MUNICIPIO DE VERACRUZ,,1250
SISTEMA MUNICIPAL DIF VERACRUZ - SUBDIRECCIÓN MÉDICA,DIF015,"OTORGAR APOYO DE ESTUDIOS DE LABORATORIO A LA POBLACIÓN EN ESTADO DE VULNERABILIDAD DEL MUNICIPIO DE VERACRUZ (HEMOGLOBINA, GLUCOSILADA, INSUFICIENCIA VENOSA, PERFIL DE LÍPIDOS, ELECTROCARDIOGRAMAS, DENSITOMETRÍA Y ANTÍGENO PROSTÁTICO)",,115
SISTEMA MUNICIPAL DIF VERACRUZ - SUBDIRECCIÓN MÉDICA,DIF014,REALIZAR VISITAS DOMICILIARES PARA OTORGAR APOYOS A LA POBLACIÓN,,52
SISTEMA MUNICIPAL DIF VERACRUZ - INTEGRACIÓN SOCIAL,DIF013,REGISTRAR A LAS PERSONAS QUE ACUDEN A LOS CURSOS Y TALLERES DE LOS MÓDULOS EN EL PADRÓN DE BENEFICIADOS,,12
SISTEMA MUNICIPAL DIF VERACRUZ - INTEGRACIÓN SOCIAL,DIF012,"GESTIONAR CON EMPRESAS, ASOCIACIONES, INSTITUCIONES CIVILES Y GUBERNAMENTALES, BIENES Y SERVICIOS QUE PUEDAN SER VINCULADOS A LOS MÓDULOS",,30
SISTEMA MUNICIPAL DIF VERACRUZ - INTEGRACIÓN SOCIAL,DIF011,"COORDINAR Y REALIZAR ACTIVIDADES RECREATIVAS, CULTURALES, EDUCATIVAS, DEPORTIVAS O DE SERVICIOS EN LAS INSTALACIONES DE LOS MÓDULOS",,29
SISTEMA MUNICIPAL DIF VERACRUZ - INTEGRACIÓN SOCIAL,DIF010,BRINDAR ATENCIÓN AL ADULTO MAYOR PARA LA OBTENCIÓN DE SU CARTA DE VINCULACIÓN DE EMPACADOR VOLUNTARIO,,142
SISTEMA MUNICIPAL DIF VERACRUZ - INTEGRACIÓN SOCIAL,DIF009,IMPLEMENTAR TALLERES OCUPACIONALES CON LA FINALIDAD DE MANTENER LA CAPACIDAD FUNCIONAL DE LOS ADULTOS MAYORES,,836
SISTEMA MUNICIPAL DIF VERACRUZ - INTEGRACIÓN SOCIAL,DIF008,CONTRIBUIR A TRAVÉS DE LOS TALLERES EDUCATIVOS EL DESARROLLO DE NUEVAS DESTREZAS EN LAS PERSONAS ADULTAS MAYORES,,665
SISTEMA MUNICIPAL DIF VERACRUZ - INTEGRACIÓN SOCIAL,DIF007,"FAVORECER POR MEDIO DE LOS TALLERES DE ACONDICIONAMIENTO FÍSICO, LA PROMOCIÓN Y CUIDADO DE LA SALUD DE LOS ADULTOS MAYORES PARA MEJORAR SU CALIDAD DE VIDA",,2430
SISTEMA MUNICIPAL DIF VERACRUZ - INTEGRACIÓN SOCIAL,DIF006,"FOMENTAR A TRAVÉS DE LOS TALLERES DE BAILE REGIONAL E INTERNACIONAL, SALSA, DANZÓN, CORO, GUITARRA, LA CAPACIDAD ARTÍSTICA Y DE CREATIVIDAD DE LOS ADULTOS MAYORES",,1030
SISTEMA MUNICIPAL DIF VERACRUZ - INTEGRACIÓN SOCIAL,DIF005,VINCULAR A LAS PERSONAS ADULTAS MAYORES INTERESADAS A LAS EMPRESAS CON VACANTES LABORALES,,24
SISTEMA MUNICIPAL DIF VERACRUZ - INTEGRACIÓN SOCIAL,DIF004,FIRMAR CARTAS COMPROMISO CON EMPRESAS Y DIF MUNICIPAL DE VERACRUZ PARA LA APERTURA DE VACANTES LABORALES PARA LAS PERSONAS ADULTAS MAYORES,,10
SISTEMA MUNICIPAL DIF VERACRUZ - INTEGRACIÓN SOCIAL,DIF003,REALIZAR LA ENTREGA DE RECONOCIMIENTOS A LOS BENEFICIADOS DE LOS CURSOS,,9
SISTEMA MUNICIPAL DIF VERACRUZ - INTEGRACIÓN SOCIAL,DIF002,REALIZAR EXPOSICIONES Y PROMOCIÓN DE LOS CURSOS Y TALLERES IMPARTIDOS EN LA COORDINACIÓN,,10
SISTEMA MUNICIPAL DIF VERACRUZ - INTEGRACIÓN SOCIAL,DIF001,APERTURAR NUEVOS CURSOS DE CAPACITACIÓN,,457
DESARROLLO ECONÓMICO,DET007,REALIZAR FERIAS DE EMPLEO,,150
DESARROLLO ECONÓMICO,DET006,"CREAR VINCULACIÓN LABORAL A TRAVÉS DE DIVERSAS ACTIVIDADES PRESENCIALES EN LAS COLONIAS Y EN OFICINA, MEDIANTE ""BOLSA DE TRABAJO"" DIARIA, RECLUTAMIENTOS, JORNADAS (VIRTUALES Y PRESENCIALES) Y BRIGADAS",,4
DESARROLLO ECONÓMICO,DET005,BOLSA DIARIA DE EMPLEO EN OFICINA,,792
DESARROLLO ECONÓMICO,DET004,"CREAR ESPACIOS DE INTERCAMBIO DE EXPERIENCIAS Y DIFUSIÓN DE LAS CAPACIDADES COMERCIALES DE LA CIUDAD, A TRAVÉS DE LAS VENTAJAS COMPETITIVAS DE LA RELACIÓN CIUDAD Y PUERTO (FORO EMPRESARIAL)",,1
DESARROLLO ECONÓMICO,DET003,CAPACITAR A LAS MIPYMES Y EMPRENDEDORES PARA LA PUESTA EN MARCHA Y SOSTENIBILIDAD EN SUS NEGOCIOS (CAPACITACIONES),,25
DESARROLLO ECONÓMICO,DET002,"GESTIONAR CONVENIOS DE COLABORACIÓN INTERINSTITUCIONAL ENTRE GOBIERNO-ACADEMIA-EMPRESA, PARA EL IMPULSO Y DESARROLLO DE LA ECONOMÍA DE LA CIUDAD",,1
DESARROLLO ECONÓMICO,DET001,ASESORÍAS A EMPRENDEDORES,,120
DESARROLLO SOCIAL Y HUMANO,DES004,"EVENTO EN ""RECORCHOLIS EN LA COMUNIDAD"" ",,0
DESARROLLO SOCIAL Y HUMANO,DES003,"REALIZAR TALLERES PARA EL PROGRAMA MUNICIPAL, CAPACITACIÓN Y FORMACIÓN PARA EL TRABAJO",,3
DESARROLLO SOCIAL Y HUMANO,DES002,REALIZAR LA ENTREGA DE APOYOS PARA EL PROGRAMA MUNICIPAL DE MEJORAMIENTO A LA VIVIENDA,,0
DESARROLLO SOCIAL Y HUMANO,DES001,ENTREGA DEL PROGRAMA DE APOYO ALIMENTARIO MUNICIPAL,,164000
DEPORTE,DEP022,CREAR ESQUEMAS DE PARTICIACIÓN CIUDADANA PARA MANTENER EN OPTIMAS CONDICIONES LAS UDM,,3
DEPORTE,DEP021,IMPULSAR LA CONSERVACIÓN DEL EQUIPAMIENTO DE LAS INSTALACIONES DEPORTIVAS ORIENTADAS A LA PRÁCTICA DEL DEPORTE  Y LA CULTURA FISICA,,156
DEPORTE,DEP020,REALIZAR CONVIVENCIA ESCOLAR DEPORTIVA,,4
DEPORTE,DEP019,REALIZAR CARAVANA DEPORTIVA,,2
DEPORTE,DEP018,REALIZAR ACTIVACIÓN FISICA PA TI PA TU ESCUELA,,2
DEPORTE,DEP017,REALIZAR TORNEO BALONCESTO INFANTIL,,1
DEPORTE,DEP016,"REALIZAR ACTIVIDADES DEPORTIVAS GRATUITAS Y ESPACIOS PÚBLICOS (CLASES DE ZUMBA, ESCUELITAS MUNICIPALES DE FUTBOL)",,45
DEPORTE,DEP015,REALIZAR EVENTOS DE AGUA (EVENTOS Y ESCUELITAS DE NATACIÓN),,4
DEPORTE,DEP014,"REALIZAR EVENTOS EN BOULEVARD Y PLAYA (GYMMARTI, COORDINAR Y REALIZAR CARRERAS PEDESTRES)",,10
DEPORTE,DEP013,REALIZAR ACTIVIDADES EN LAS UDM,,12
DEPORTE,DEP012,REALIZAR UNA EXHIBICIÓN DE BOX,,1
DEPORTE,DEP011,REALIZAR CARAVANAS DEPORTIVAS EN LAS COLONIAS,,1
DEPORTE,DEP010,IMPARTIR CURSO DE VERANO DEPORTIVO,,1
DEPORTE,DEP009,REALIZAR TORNEO DE EMPLEADOS MUNICIPALES,,5
DEPORTE,DEP008,REALIZAR ACTIVIDADES DEPORTIVAS EN LA ZONA RURAL,,8
DEPORTE,DEP007,IMPULSAR ACTIVIDADES DEPORTIVAS DESDE LA NIÑEZ,,1
DEPORTE,DEP006,REALIZAR EVENTOS DE PATINAJE,,1
DEPORTE,DEP005,"APOYAR A LOS ATLETAS QUE PARTICIPAN EN LOS JUEGOS CONADE EN ETAPA MUNICIPAL, REGIONAL Y ESTATAL. ",,32
DEPORTE,DEP004,OFRECER ACTIVIDADES EN LAS UDM DIRIGIDAS A PERSONAS CON ALGUNA DISCAPACIDAD FISICA,,3
DEPORTE,DEP003,CREAR CONVENIOS DE COLABORACION CON LA UNIVERSIDAD VERACRUZANA PARA LA PROMOCION E IMPLEMENTACION DE ACTIVIDADES DEPORTIVAS EN EL MUNICIPIO,,1
DEPORTE,DEP002,CREAR CONVENIOS DE COLABORACION CON EL INSTITUTO VERACRUZANO DEL DEPORTE PARA POTENCIALIZAR  A LOS DEPORTISTAS DEL MUNICIPIO HACIA LA EXCELENCIA,,1
DEPORTE,DEP001,CAPACITAR A LOS PRESTADORES DE SERVICIOS DEPORTIVO,,2
ARCHIVO MUNICIPAL,DAM010,REFRENDAR LA INSCRIPCIÓN DEL SISTEMA INSTITUCIONAL DE ARCHIVOS DEL H. AYUNTAMIENTO EN EL REGISTRO NACIONAL DE ARCHIVOS,,1
ARCHIVO MUNICIPAL,DAM009,PROGRAMA DE ACERCAMIENTO DE LA CIUDADANÍA Y ESTUDIANTES AL ARCHIVO HISTÓRICO A TRAVÉS DE VISITAS GUIADAS,,8
ARCHIVO MUNICIPAL,DAM008,DIFUSIÓN Y DIVULGACIÓN DEL PATRIMONIO DOCUMENTAL DEL MUNICIPIO DE VERACRUZ,,4
ARCHIVO MUNICIPAL,DAM007,OTORGAR ASESORÍAS EN MATERIA ARCHIVÍSTICA AL PERSONAL DE LAS ÁREAS DE LA ADMINISTRACIÓN PÚBLICA MUNICIPAL Y REALIZAR VISITAS A LOS ARCHIVOS DE TRÁMITES,,28
ARCHIVO MUNICIPAL,DAM006,IMPARTIR CAPACITACIONES Y CURSOS EN MATERIA ARCHIVÍSTICA AL PERSONAL DE LA DIRECCIÓN DEL ARCHIVO MUNICIPAL Y DE LAS DEPENDENCIAS DE LA ADMINISTRACIÓN PÚBLICA MUNICIPAL,,3
ARCHIVO MUNICIPAL,DAM005,ACTUALIZAR Y ELABORAR LA GUÍA DE ARCHIVO DOCUMENTAL,,1
ARCHIVO MUNICIPAL,DAM004,ACTUALIZAR LOS INSTRUMENTOS DE CONTROL ARCHIVÍSTICO:  CUADRO GENERAL DE CLASIFICACIÓN ARCHIVÍSTICA (CGCA) Y CATÁLOGO DE DISPOSICIÓN DOCUMENTAL (CADIDO),,2
ARCHIVO MUNICIPAL,DAM003,"PUBLICAR EN EL PORTAL DE TRANSPARENCIA LOS INSTRUMENTOS DE CONTROL Y CONSULTA ARCHIVÍSTICOS VIGENTES CGCA, CADIDO Y GUÍA DE ARCHIVO DOCUMENTAL",,3
ARCHIVO MUNICIPAL,DAM002,REALIZARLAS SESIONES ORDINARIAS DEL GRUPO INTERDISCIPLINARIO DE ARCHIVOS ,,3
ARCHIVO MUNICIPAL,DAM001,ELABORAR EL PROGRAMA ANUAL DE DESARROLLO ARCHIVÍSTICO,,1
TURISMO Y CULTURA,CUR013,DESARROLLAR UN PROGRAMA DE RECORRIDOS POR LOS EDIFICIOS HISTÓRICOS Y MUSEO QUE PROMUEVAN LA HISTORIA DEL MUNICIPIO,,22
TURISMO Y CULTURA,CUR012,REALIZAR LA PROMOCIÓN TURISTICA DEL MUNICIPIO A TRAVÉS DE DIVERSAS ACTIVIDADES ENFOCADAS PARA EL TURISMO MEDIANTE DISFRUTA VERACRUZ - VIVE EL CENTRO ,,21
TURISMO Y CULTURA,CUR011,"PARTICIPAR Y PROMOVER EVENTOS DE ATRACCIÓN TURÍSTICA COMO VELAS, CARNAVAL, SEMANA SANTA ENTRE OTROS",,20
TURISMO Y CULTURA,CUR010,"OTORGAR APOYOS TÉCNICOS, LOGÍSTICOS Y PROMOCIONALES A LA REALIZACIÓN DE EVENTOS TURISTICOS EN LA CIUDAD ",,20
TURISMO Y CULTURA,CUR009,OTORGA A LA CIUDADANÍA Y VISITANTES UNA ADECUADA ATENCIÓN INFORMANDO DE LOS ATRACTIVOS Y OFERTA TURÍSTICA DEL MUNICIPIO,,600
TURISMO Y CULTURA,CUR008,"COORDINAR ACTIVIDADES CON LOS ORGANIZADORES, OPERADORES, ORGANISMOS Y CIUDADANOS EN GENERAL QUE LLEVEN A CABO EVENTOS DE ÍNDOLE CULTURAL Y RECREATIVA EN EL MUNICIPIO (APOYAR A EVENTOS)",,19
TURISMO Y CULTURA,CUR007,"EVENTOS ESPECIALES ENFOCADOS A LA REGENERACIÓN DEL TEJIDO SOCIAL, ASÍ COMO FORTALECIMIENTO DE LAS MISMAS MEDIANTE LA INTEGRACIÓN SOCIAL (JORNADAS DE RECREACIÓN)",,243
TURISMO Y CULTURA,CUR006,"REALIZACIÓN DE TALLERES CULTURALES, LOS CUALES INCURSIONAN EN EL ARTE Y EL DESARROLLO HUMANO POR MEDIO DE DIVERSAS DISCIPLINAS (TALLERES CULTURALES)",,67
TURISMO Y CULTURA,CUR005,VISITAS GUIADAS Y RECORRIDOS EN LOS RECINTOS CULTURALES A VISITANTES QUE ASÍ LO SOLICITEN PARA PRESERVAR LA HISTORIA Y CONTRIBUIR EN LA CULTURA (CAMINANDO POR LA HISTORIA),,5500
TURISMO Y CULTURA,CUR004,"DESARROLLO DE CONCIERTOS CON LAS ORQUESTAS DE LA EMBA, LA ORQUESTA FILARMÓNICA (POR DEFINIRSE EL NOMBRE) Y GRUPOS LOCALES DEDICADOS A LA MÚSICA (LA MÚSICA ES CULTURA)",,12
TURISMO Y CULTURA,CUR003,PRESENTACIONES TEATRALES EN PUNTOS TURÍSTICOS DE INTERÉS CON MÁS AFLUENCIA DEL MUNICIPIO (EL TEATRO ES CULTURA),,115
TURISMO Y CULTURA,CUR002,"GENERAR ACTIVIDADES QUE FOMENTEN LA CREATIVIDAD A TRAVÉS DE EVENTOS ARTÍSTICOS, CULTURALES Y GASTRONÓMICOS; FOMENTANDO ESPACIOS DE CONVIVENCIA CIUDADANA MEDIANTE EL ACERCAMIENTO DE TODO TIPO DE PÚBLICO A LA CULTURA Y LAS ARTES (PROGRAMAS Y EVENTOS ESPECIALES)",,21
TURISMO Y CULTURA,CUR001,"PROGRAMAS DE FOLKLOR, ENALTECE LA ACTIVIDAD DEL DANZÓN EN EL ZÓCALO Y DA LA OPORTUNIDAD A LOS GRUPOS ARTÍSTICOS Y CULTURALES DE LA CIUDAD (JORNADAS DE CULTURA)",,180
TURISMO Y CULTURA - ORQUESTANDO CUMBIA,CUR0008,PRODUCCION Y GRABACION DE 6 TEMAS MUSICALES COMO PREMIO A LAS BANDAS GANADORAS,,6
TURISMO Y CULTURA - ORQUESTANDO CUMBIA,CUR0007,CLINICAS Y TALLERES CON ARTISTAS PROFESIONALES DE LA CUMBIA,,2
TURISMO Y CULTURA - ORQUESTANDO CUMBIA,CUR0006,REALIZAR PRESENTACIONES DE LOS GRUPOS MUSICALES,,2
TURISMO Y CULTURA - ORQUESTANDO CUMBIA,CUR0005,ENTREGA DE INSTRUMENTOS A LOS NIÑOS GANADORES DEL 1ER LUGAR DEL CONCURSO ENCUENTRO DE BANDAS POR LA ALCALDESA,,1
TURISMO Y CULTURA - ORQUESTANDO CUMBIA,CUR0004,CONCURSO DE ENCUENTRO DE BANDAS INTEGRADAS POR LOS NIÑOS PARTICIPANTES DEL PROGRAMA EN LAS DIFERENTES ESCUELAS SEDES,,2
TURISMO Y CULTURA - ORQUESTANDO CUMBIA,CUR0003,ADQUIRIR INSTRUMENTOS MUSICALES PARA LA INTEGRACIÓN DE GRUPOS,,37
TURISMO Y CULTURA - ORQUESTANDO CUMBIA,CUR0002,DOTAR DE DIFERENTES INSUMOS QUE PERMITAN LA INTEGRACIÓN DE LA ORQUESTA INFANTIL,,1
TURISMO Y CULTURA - ORQUESTANDO CUMBIA,CUR0001,IMPULSAR LA CREACIÓN DE GRUPOS MUSICALES CON MENORES DE EDAD,,50
TESORERÍA MUNICIPAL -CONTABILIDAD GUBERNAMENTAL,CTB007,PUBLICACIÓN DE LA INFORMACIÓN FINANCIERA EN LAS PÁGINAS WEB OFICIALES,,168
TESORERÍA MUNICIPAL -CONTABILIDAD GUBERNAMENTAL,CTB006,CALCULO DEL ISERTP PARA ENVÍO Y PAGO POR MEDIO DEL PORTAL DE LA OVH,,12
TESORERÍA MUNICIPAL -CONTABILIDAD GUBERNAMENTAL,CTB005,PREPARACIÓN DE LA INFORMACIÓN DE LOS PAGOS HECHOS A TERCEROS (PROVEEDORES) PARA ENVÍO DE DIOT EN EL PORTAL DEL SAT,,12
TESORERÍA MUNICIPAL -CONTABILIDAD GUBERNAMENTAL,CTB004,DETERMINACIÓN DE LAS RETENCIONES DEL ISR PARA EL ENTERO Y PAGO DENTRO DEL PORTAL DEL SAT,,12
TESORERÍA MUNICIPAL -CONTABILIDAD GUBERNAMENTAL,CTB003,ELABORACIÓN DE ESTADOS FINANCIEROS PARA CONGRESO DE LA INFORMACIÓN REGISTRADA EN SISTEMA SIGMAVER,,12
TESORERÍA MUNICIPAL -CONTABILIDAD GUBERNAMENTAL,CTB002,ELABORACIÓN DE ESTADOS FINANCIEROS PARA EDILES DE LA INFORMACIÓN REGISTRADA EN SISTEMA ODOO,,12
TESORERÍA MUNICIPAL -CONTABILIDAD GUBERNAMENTAL,CTB001,"VERIFICAR QUE TODA LA DOCUMENTACIÓN RESPALDE LOS MOVIMIENTOS ECONÓMICOS Y CUMPLA CON EL ORDEN LEGAL Y TÉCNICO ESTABLECIDO PARA POSTERIOR REGISTRO DIARIO Y CRONOLÓGICO EN LOS SISTEMAS ODOO Y SIGMAVER DE ACUERDO A SU NATURALEZA EVITANDO LA POSTERGACIÓN DE REGISTROS, GLOSA Y DIGITALIZACIÓN DE LOS MISMOS PARA ARCHIVO FÍSICO Y DIGITAL",,13000
COMERCIO,COM021,SIMPLIFICACIÓN DE LOS TRÁMITES INSCRITOS EN EL PROGRAMA DE MEJORA REGULATORIA,,10
COMERCIO,COM020,"REFORMA DEL REGLAMENTO DE COMERCIO, INDUSTRIA Y ESPECTÁCULOS, REGLAMENTOS DE MERCADOS Y ACUERDO SARE, EN CUMPLIMIENTO AL PROGRAMA DE MEJORA REGULATORIA",,3
COMERCIO,COM019,IMPLEMENTAR ACCIONES DE VINCULACIÓN LABORAL EN EL MUNICIPIO (EMPLEOS GENERADOS POR INVERSIÓN),,
COMERCIO,COM018,REALIZAR ACCIONES DE APOYO A LA REACTIVACIÓN ECONÓMICA Y EL DESARROLLO DE EMPRESAS A TRAVÉS DE DISTINTOS APOYOS (CÉDULAS DE EMPADRONAMIENTO),,
COMERCIO,COM017,"FACILITAR Y PROMOVER EL CRECIMIENTO ECONÓMICO, COMERCIAL E INDUSTRIAL DEL MUNICIPIO E INCENTIVAR LA PRODUCTIVIDAD RURAL, CREANDO CÍRCULOS PRODUCTIVOS, ASÍ COMO AMPLIAR LA OFERTA TURÍSTICA, INFORMANDO A LOS VISITANTES DE LOS ESPACIOS CULTURALES, ATRACTIVOS TURÍSTICOS Y EVENTOS DE LA CIUDAD",,40
COMERCIO,COM016,"ASEGURAR QUE LA ACTIVIDAD COMERCIAL DURANTE LA TEMPORADA DE ""NAVIDEÑA"" SE LLEVE A CABO DENTRO DEL MARCO NORMATIVO VIGENTE,  MEDIANTE EL OTORGAMIENTO DE PERMISOS Y LA IMPLEMENTACIÓN DE MERCANISMOS DE SUPERVISIÓN Y CONTROL",,140
COMERCIO,COM015,"ASEGURAR QUE LA ACTIVIDAD COMERCIAL DURANTE LA TEMPORADA DE ""DÍA DE MUERTOS"" SE LLEVE A CABO DENTRO DEL MARCO NORMATIVO VIGENTE,  MEDIANTE EL OTORGAMIENTO DE PERMISOS Y LA IMPLEMENTACIÓN DE MERCANISMOS DE SUPERVISIÓN Y CONTROL",,160
COMERCIO,COM014,"ASEGURAR QUE LA ACTIVIDAD COMERCIAL DURANTE LA TEMPORADA DE ""CARNAVAL"" SE LLEVE A CABO DENTRO DEL MARCO NORMATIVO VIGENTE, MEDIANTE EL OTORGAMIENTO DE PERMISOS Y LA IMPLEMENTACIÓN DE MECANISMOS DE SUPERVISIÓN Y CONTROL",,450
COMERCIO,COM013,"ASEGURAR QUE LA ACTIVIDAD COMERCIAL DURANTE LA TEMPORADA DE ""SEMANA SANTA"" SE LLEVE A CABO DENTRO DEL MARCO NORMATIVO VIGENTE,  MEDIANTE EL OTORGAMIENTO DE PERMISOS Y LA IMPLEMENTACIÓN DE MERCANISMOS DE SUPERVISIÓN Y CONTROL",,250
COMERCIO,COM012,"ASEGURAR QUE LA ACTIVIDAD COMERCIAL DURANTE LA TEMPORADA DE ""FERIA DE REYES"" SE LLEVE A CABO DENTRO DEL MARCO NORMATIVO VIGENTE,  MEDIANTE EL OTORGAMIENTO DE PERMISOS Y LA IMPLEMENTACIÓN DE MERCANISMOS DE SUPERVISIÓN Y CONTROL",,30
COMERCIO,COM011,"CONTRIBUIR A LA REGULACIÓN Y ORDENAMIENTO DEL COMERCIO EN VÍA PÚBLICA MEDIANTE EL OTORGAMIENTO DE PERMISOS EN EL MARCO DE UN PROGRAMA DE ORDENAMIENTO, GARANTIZANDO EL EQUILIBRIO ENTRE EL DESARROLLO COMERCIAL Y EL USO ADECUADO DE LOS ESPACIOS PÚBLICOS ",,12
COMERCIO,COM010,"CONTRIBUIR A LA REGULACIÓN Y ORDENAMIENTO DEL COMERCIO EN VÍA PÚBLICA MEDIANTE EL OTORGAMIENTO DE PERMISOS EN EL MARCO DE UN PROGRAMA DE ORDENAMIENTO, GARANTIZANDO EL EQUILIBRIO ENTRE EL DESARROLLO COMERCIAL Y EL USO ADECUADO DE LOS ESPACIOS PÚBLICOS ",,6000
COMERCIO,COM009,VERIFICAR QUE LOS ESPECTÁCULOS O EVENTOS DE ESPARCIMIENTO SE REALICEN EN CUMPLIMIENTO CON LAS NORMAS MUNICIPALES,,60
COMERCIO,COM008,EFECTUAR REUNIONES DE TRABAJO CON LAS DIFERENTES CÁMARAS COMERCIALES CON EL OBJETIVO DE PODER ESTABLECER CANALES DE COMUNICACIÓN Y PODER GENERAR BENEFICIOS EN LOS SECTORES ECONÓMICOS,,4
COMERCIO,COM007,"REALIZAR INSPECCIONES A LOS COMERCIOS ESTABLECIDOS, APLICANDO LA NORMATIVIDAD VIGENTE PARA FOMENTAR LA REGULACIÓN DEL COMERCIO ESTABLECIDO",Mensual,1200
COMERCIO,COM006,"OTORGAR CÉDULAS DE EMPADRONAMIENTO A LOS COMERCIOS, EN APEGO A LA NORMATIVIDAD VIGENTE PARA FOMENTAR LA REGULACIÓN DEL COMERCIO ESTABLECIDO",Anual,100
COMERCIO,COM005,"OTORGAR CÉDULAS DE EMPADRONAMIENTO Y LICENCIA DE FUNCIONAMIENTO (VENTA DE BEBIDAS ALCOHÓLICAS) A LOS COMERCIOS, EN APEGO A LA NORMATIVIDAD VIGENTE PARA FOMENTAR LA REGULACIÓN DEL COMERCIO ESTABLECIDO",Mensual,28
COMERCIO,COM004,DAR CERTEZA JURÍDICA A LOS LOCATARIOS DE LOS MERCADOS PÚBLICOS MUNICIPALES MEDIANTE EL OTORGAMIENTO DE CÉDULAS DE EMPADRONAMIENTO EN CUMPLIMIENTO CON LA NORMATIVA VIGENTE,Mensual,400
COMERCIO,COM003,GESTIONAR LA REALIZACIÓN DE LAS LABORES DE MANTENIMIENTO EN LOS MERCADOS MUNICIPALES PARA MANTENER LA INFRAESTRUCTURA EN CONDICIONES ÓPTIMAS Y SEGURAS,Mensual,12
COMERCIO,COM002,REALIZAR LA FUMIGACIÓN EN LOS MERCADOS MUNICIPALES,Mensual,60
COMERCIO,COM001,"REALIZAR EL DESAZOLVE DE LOS REGISTROS EN LOS MERCADOS MUNICIPALES, PARA MANTENER CONDICIONES SALUBRES",Mensual,720
ATENCIÓN CIUDADANA,ATC007,ORGANIZAR EL EVENTO DE CELEBRACIÓN DEL DÍA DE JEFES DE MANZANA,,1
ATENCIÓN CIUDADANA,ATC006,CAPACITAR JEFES DE MANZANA Y JEFES DE CUARTEL POR ZONAS,,250
ATENCIÓN CIUDADANA,ATC005,"ACREDITACIÓN DE JEFES DE MANZANA (ENTREGA DE CREDENCIALES, PLACAS Y NOMBRAMIENTOS)",,250
ATENCIÓN CIUDADANA,ATC004,"ACTUALIZAR Y VALIDAR EL PADRÓN DE JEFES DE MANZANA, INTEGRAR SUS EXPEDIENTES, Y CAPTURAR SU INFORMACIÓN EN EL SISTEMA DE GESTIÓN DE PROGRAMAS SOCIALES",,250
ATENCIÓN CIUDADANA,ATC003,TENER PRESENCIA EN LAS DIFERENTES ACTIVIDADES DONDE ASISTA LA ALCALDESA Y DEMÁS BRIGADAS DONDE HAYA AFLUENCIA DE CIUDADANOS Y JEFES DE MANZANA PARA ATENDER A LOS CIUDADANOS QUE SE ACERQUEN CON ALGUNA SOLICITUD PARA EL AYUNTAMIENTO,,150
ATENCIÓN CIUDADANA,ATC002,REALIZAR VISITAS Y/O LLAMADAS A LOS CIUDADANOS QUE HAN SIDO ATENDIDOS PARA CONOCER SUS EXPERIENCIAS CON EL OBJETIVO DE MEJORAR SERVICIOS Y TIEMPOS DE ATENCIÓN,,5230
ATENCIÓN CIUDADANA,ATC001,"RECIBIR A TRAVÉS DE LOS DIFERENTES CANALES DE COMUNICACIÓN TODAS LAS PETICIONES, SOLICITUDES, GESTIONES Y QUEJAS QUE PRESENTE LA CIUDADANÍA Y ATENDER DE FORMA EFICIENTE Y EN EL MENOR TIEMPO POSIBLE",,18800
ASUNTOS LEGALES,ASL005,"ANALIZAR Y EMITIR DICTAMEN LEGAL, RESPECTO DE LOS CONVENIOS O CONTRATOS QUE CELEBRE EL AYUNTAMIENTO O DE LOS CUALES FORME PARTE; ASÍ COMO LOS REGLAMENTOS QUE SE PROPONGAN",,25
ASUNTOS LEGALES,ASL004,"LLEVAR A CABO LA REVISIÓN, ADECUACIÓN Y ACTUALIZACIÓN DE LEGISLACIÓN MUNICIPAL",,2
ASUNTOS LEGALES,ASL003,"OTORGAR CONSEJERÍA A LAS ÁREAS DEL AYUNTAMIENTO, ASÍ COMO A LA PRESIDENCIA MUNICIPAL, CON LA INTENCIÓN DE QUE LOS ACTOS DE AUTORIDAD REALIZADOS SEAN EFECTUADOS EN APEGO AL MARCO NORMATIVO VIGENTE",,60
ASUNTOS LEGALES,ASL002,"REALIZAR LA OPORTUNA ATENCIÓN DE DEMANDAS, ACTUACIÓN Y SEGUIMIENTO PERMANENTE EN PROCESOS JUDICIALES EN LOS QUE EL AYUNTAMIENTO ES PARTE",,280
ASUNTOS LEGALES,ASL001,"EFECTUAR LA ELABORACIÓN, CONTESTACIÓN Y ATENCIÓN DE ACTIVIDADES JURISDICCIONALES",,156
ALUMBRADO PÚBLICO,ALP004,MEJORAR LA ILUMINACIÓN DE VIALIDADES,,48
ALUMBRADO PÚBLICO,ALP003,DAR UNA ATENCIÓN OPORTUNA Y RÁPIDA A LA CIUDADANÍA,,0.96
ALUMBRADO PÚBLICO,ALP002,MEJORAR LA ILUMINACIÓN DE ESPACIOS PEATONALES VULNERABLES,,24
ALUMBRADO PÚBLICO,ALP001,MEJORAR LA ILUMINACIÓN EN LOS ACCESOS DE LAS ESCUELAS CON TURNO VESPERTINO EN EL MUNICIPIO ,,24
ADMINISTRACIÓN,ADM006,ELABORAR EL PROGRAMA ANUAL DE ADQUISICIONES,Anual,1
ADMINISTRACIÓN,ADM005,REALIZAR LA REVISIÓN FÍSICA DE LOS BIENES INMUEBLES DE LA ADMINISTRACIÓN MUNICIPAL,Mensual,1128
ADMINISTRACIÓN,ADM004,REALIZAR LA REVISIÓN FÍSICA DE LOS BIENES MUEBLES DE LA ADMINISTRACIÓN MUNICIPAL,Mensual,7965
ADMINISTRACIÓN,ADM003,ENTREGA DEL LIBRO DE INVENTARIO AL H. CONGRESO DEL ESTADO,Anual,1
ADMINISTRACIÓN,ADM002,IMPARTIR CURSOS DE CAPACITACIÓN AL PERSONAL DEL H. AYUNTAMIENTO DE VERACRUZ,Trimestral,50
ADMINISTRACIÓN,ADM001,"OTORGAR EXPERIENCIA DE DESARROLLO HUMANO Y PROFESIONAL AL PERSONAL DE TODAS LAS DEPENDENCIAS Y ENTIDADES DE LA ADMINISTRACIÓN MUNICIPAL, EN EL BENEFICIO DEL SERVICIO QUE SE OFERTA A LA CIUDADANÍA",Mensual,2200
